item_id,titulo,preco,moeda,descricao_original,descricao_pt,descricao_en,descricao_es,descricao_fr,url,numero_imagens,ficheiros_imagens,sellerEmail,category,subCategory,condition,auctionFormat,duration,shippingOption,shippingCost,returnPolicy,locationCity,locationCountry
9950291557,Yves Saint Laurent vintage blazer,135,EUR,"armpit to armpit 47cm
waist 40cm
length 70cm
conditions as photos","Axila a axila: 47 cm
Cintura: 40 cm
Comprimento: 70 cm
Estado conforme as fotografias.","Armpit to armpit: 47 cm
Waist: 40 cm
Length: 70 cm
Condition as shown in the photos.","De axila a axila: 47 cm
Cintura: 40 cm
Largo: 70 cm
Estado según las fotos.","Aisselle à aisselle : 47 cm
Taille : 40 cm
Longueur : 70 cm
État conforme aux photos.",https://www.vinted.pt/items/9950291557-yves-saint-laurent-vintage-blazer,5,vinted_export/images/9950291557/01.webp | vinted_export/images/9950291557/02.webp | vinted_export/images/9950291557/03.webp | vinted_export/images/9950291557/04.webp | vinted_export/images/9950291557/05.webp,pt.bidnow@gmail.com,collectibles,Fashion,Used - Excellent,best-offer,30 days,flat-rate,15,no-returns,Lisboa,PT
9865370815,"Saint Laurent YSL monogramos bőr pénztárca karamellbarna színben, dobozzal",138,EUR,"Karamellbarna, chevron steppelt pénztárca aranyszínű YSL logóval. A képeken látható dobozzal együtt adom. Egy ideje csak félre van téve, közben változott a mindennapi","Carteira castanho-caramelo, acolchoada em chevron, com logótipo YSL dourado. Entrego-a com a caixa visível nas fotografias. Está guardada há algum tempo; entretanto, o uso no dia a dia mudou.","Caramel-brown chevron-quilted wallet with a gold-tone YSL logo. I am selling it with the box shown in the photos. It has been put aside for some time; meanwhile, my everyday use has changed.","Cartera marrón caramelo, acolchada en chevron, con logotipo YSL dorado. La entrego con la caja que aparece en las fotos. Lleva un tiempo guardada; entretanto, ha cambiado mi uso diario.","Portefeuille marron caramel matelassé chevron avec logo YSL doré. Je le vends avec la boîte visible sur les photos. Il est resté de côté depuis quelque temps ; entre-temps, mon usage quotidien a changé.",https://www.vinted.pt/items/9865370815-saint-laurent-ysl-monogramos-bor-penztarca-karamellbarna-szinben-dobozzal,5,vinted_export/images/9865370815/01.webp | vinted_export/images/9865370815/02.webp | vinted_export/images/9865370815/03.webp | vinted_export/images/9865370815/04.webp | vinted_export/images/9865370815/05.webp,pt.bidnow@gmail.com,collectibles,Fashion,Used - Excellent,best-offer,30 days,flat-rate,15,no-returns,Lisboa,PT
9941354419,Yves Saint Laurent Cabas Y noir cuir souple accastillage doré,450,EUR,"Sac Yves Saint Laurent Cabas Y en cuir noir souple avec accastillage doré et fermoir signature en forme de Y sur le devant. Grand format très pratique, avec deux anses, fermeture zippée sur le dessus et poche intérieure zippée.

Très bon état. Vendu avec son dust bag Yves Saint Laurent.

Prix d'achat : 1 500 € 

Envoi le 23 septembre (j’habite Londres et expédierai lors de mon retour à Paris à cette date).","Mala Yves Saint Laurent Cabas Y em pele preta macia, com ferragens douradas e fecho assinatura em forma de Y na parte da frente. Formato grande e muito prático, com duas asas, fecho de correr na parte superior e bolso interior com fecho.

Muito bom estado. Vendida com o respetivo dust bag Yves Saint Laurent.

Preço de compra: 1 500 €.

Envio a 23 de setembro (vivo em Londres e enviarei quando regressar a Paris nessa data).","Yves Saint Laurent Cabas Y bag in soft black leather with gold-tone hardware and the signature Y-shaped clasp on the front. Very practical large size, with two handles, a top zip closure and an interior zipped pocket.

Very good condition. Sold with its Yves Saint Laurent dust bag.

Purchase price: €1,500.

Shipping on 23 September (I live in London and will ship when I return to Paris on that date).","Bolso Yves Saint Laurent Cabas Y de piel negra suave, con herrajes dorados y cierre distintivo en forma de Y en la parte delantera. Formato grande y muy práctico, con dos asas, cierre de cremallera superior y bolsillo interior con cremallera.

Muy buen estado. Se vende con su guardapolvo Yves Saint Laurent.

Precio de compra: 1.500 €.

Envío el 23 de septiembre (vivo en Londres y lo enviaré cuando vuelva a París en esa fecha).","Sac Yves Saint Laurent Cabas Y en cuir noir souple avec accastillage doré et fermoir signature en forme de Y sur le devant. Grand format très pratique, avec deux anses, fermeture zippée sur le dessus et poche intérieure zippée.

Très bon état. Vendu avec son dust bag Yves Saint Laurent.

Prix d'achat : 1 500 €.

Envoi le 23 septembre (j’habite Londres et expédierai lors de mon retour à Paris à cette date).",https://www.vinted.pt/items/9941354419-yves-saint-laurent-cabas-y-noir-cuir-souple-accastillage-dore,5,vinted_export/images/9941354419/01.webp | vinted_export/images/9941354419/02.webp | vinted_export/images/9941354419/03.webp | vinted_export/images/9941354419/04.webp | vinted_export/images/9941354419/05.webp,pt.bidnow@gmail.com,collectibles,Fashion,Used - Excellent,best-offer,30 days,flat-rate,15,no-returns,Lisboa,PT
9885603804,Ysl small hobo bag,660,EUR,Ysl small hobo bag,Mala hobo YSL pequena.,Small YSL hobo bag.,Bolso hobo YSL pequeño.,Petit sac hobo YSL.,https://www.vinted.pt/items/9885603804-ysl-small-hobo-bag,5,vinted_export/images/9885603804/01.webp | vinted_export/images/9885603804/02.webp | vinted_export/images/9885603804/03.webp | vinted_export/images/9885603804/04.webp | vinted_export/images/9885603804/05.webp,pt.bidnow@gmail.com,collectibles,Fashion,Used - Excellent,best-offer,30 days,flat-rate,15,no-returns,Lisboa,PT
7247312952,Yves Saint Laurent Perfume Libre YSL,45,EUR,Botella de EAU de Parfum de Yves Saint Laurent. Nuevo en packaging sin abrir. 50ml. Envío rápido,"Frasco de Eau de Parfum Yves Saint Laurent. Novo, na embalagem fechada. 50 ml. Envio rápido.",Yves Saint Laurent Eau de Parfum bottle. New in unopened packaging. 50 ml. Fast shipping.,"Botella de Eau de Parfum de Yves Saint Laurent. Nueva, en el embalaje sin abrir. 50 ml. Envío rápido.","Flacon d’Eau de Parfum Yves Saint Laurent. Neuf, dans son emballage non ouvert. 50 ml. Envoi rapide.",https://www.vinted.pt/items/7247312952-yves-saint-laurent-perfume-libre-ysl,5,vinted_export/images/7247312952/01.webp | vinted_export/images/7247312952/02.webp | vinted_export/images/7247312952/03.webp | vinted_export/images/7247312952/04.webp | vinted_export/images/7247312952/05.webp,pt.bidnow@gmail.com,collectibles,Fashion,Used - Excellent,best-offer,30 days,flat-rate,15,no-returns,Lisboa,PT
9941845336,Veste vintage noire Yves saint Laurent,160,EUR,"Superbe veste vintage noire boutons dorés 
Yves saint Laurent variation 
Conviens à du L","Magnífico casaco vintage preto com botões dourados.
Yves Saint Laurent Variation.
Adequado para tamanho L.","Superb vintage black jacket with gold-tone buttons.
Yves Saint Laurent Variation.
Fits a size L.","Preciosa chaqueta vintage negra con botones dorados.
Yves Saint Laurent Variation.
Adecuada para talla L.","Superbe veste vintage noire à boutons dorés.
Yves Saint Laurent Variation.
Convient à une taille L.",https://www.vinted.pt/items/9941845336-veste-vintage-noire-yves-saint-laurent,5,vinted_export/images/9941845336/01.webp | vinted_export/images/9941845336/02.webp | vinted_export/images/9941845336/03.webp | vinted_export/images/9941845336/04.webp | vinted_export/images/9941845336/05.webp,pt.bidnow@gmail.com,collectibles,Fashion,Used - Excellent,best-offer,30 days,flat-rate,15,no-returns,Lisboa,PT
9886728673,YSL - occhiale da sole nero Saint Laurent SL 816 001,69.99,EUR,occhiale da sole nero Saint Laurent SL 816 001 - mai utilizzato!,Óculos de sol pretos Saint Laurent SL 816 001 — nunca usados!,Black Saint Laurent SL 816 001 sunglasses — never used!,Gafas de sol negras Saint Laurent SL 816 001 — ¡nunca usadas!,Lunettes de soleil noires Saint Laurent SL 816 001 — jamais utilisées !,https://www.vinted.pt/items/9886728673-ysl-occhiale-da-sole-nero-saint-laurent-sl-816-001,5,vinted_export/images/9886728673/01.webp | vinted_export/images/9886728673/02.webp | vinted_export/images/9886728673/03.webp | vinted_export/images/9886728673/04.webp | vinted_export/images/9886728673/05.webp,pt.bidnow@gmail.com,collectibles,Fashion,Used - Excellent,best-offer,30 days,flat-rate,15,no-returns,Lisboa,PT
9917954219,Yves Saint Laurent Heeled Sandals Zwart maat 38,115,EUR,"Mooie Saint Laurent instappers met hak in maat 38. Zijn enkele keren gebruikt en hierdoor wat beschadigd, maar zeker nog in goede staat. Nieuwprijs was 650€","Bonitos mocassins Saint Laurent com salto, tamanho 38. Foram usados algumas vezes e, por isso, apresentam alguns sinais de desgaste, mas continuam em bom estado. O preço novo era 650 €.","Beautiful Saint Laurent heeled loafers in size 38. They have been worn a few times and therefore show some wear, but are still in good condition. The original retail price was €650.","Bonitos mocasines Saint Laurent con tacón, talla 38. Se han usado algunas veces y por ello presentan algo de desgaste, pero siguen en buen estado. El precio nuevo era de 650 €.","Beaux mocassins Saint Laurent à talon, taille 38. Portés quelques fois et présentant donc quelques traces d’usure, mais toujours en bon état. Prix neuf : 650 €.",https://www.vinted.pt/items/9917954219-yves-saint-laurent-heeled-sandals-zwart-maat-38,5,vinted_export/images/9917954219/01.webp | vinted_export/images/9917954219/02.webp | vinted_export/images/9917954219/03.webp | vinted_export/images/9917954219/04.webp | vinted_export/images/9917954219/05.webp,pt.bidnow@gmail.com,collectibles,Fashion,Used - Excellent,best-offer,30 days,flat-rate,15,no-returns,Lisboa,PT
9642476917,Jupe évasée Yves Saint Laurent en laine bleu marine vintage authentique,55,EUR,"Authentique jupe évasée Yves Saint Laurent, cette pièce incarne l'élégance intemporelle avec sa coupe fluide et sa silhouette raffinée. Confectionnée en laine bleu marine, elle présente une rangée de boutons dorés sur le devant, ajoutant une touche de sophistication. 

Les poches latérales et la ceinture subtilement intégrée soulignent le savoir-faire de la maison.La laine de cette jupe offre un tombé impeccable et une sensation de confort. Elle se marie parfaitement avec un chemisier en soie pour une allure chic ou un pull en cachemire pour un style décontracté.

Circa 1980s-1990s

Fabriqué en France

Taille : FR 40 - 42 / L

Mesures (à plat) : Tour de taille 41 cm · Hanches 52 cm · Longueur 66 cm

Matière : laine

Condition report : La jupe est en bon état avec quelques petites usures visibles, témoignant de son authenticité et de son histoire.

En raison de son caractère vintage, il peut présenter de très légères traces du temps, sans impact esthétique notable et imperceptibles une fois porté.

Découvrez d’autres pièces de la maison.","Saia evasé autêntica Yves Saint Laurent, uma peça que personifica a elegância intemporal com o seu corte fluido e silhueta refinada. Confecionada em lã azul-marinho, apresenta uma fila de botões dourados na frente, acrescentando um toque de sofisticação.

Os bolsos laterais e o cinto subtilmente integrado destacam o savoir-faire da maison. A lã proporciona um cair impecável e uma sensação confortável. Combina perfeitamente com uma blusa de seda para um visual elegante ou com uma camisola de caxemira para um estilo mais descontraído.

Cerca de 1980-1990

Fabricada em França

Tamanho: FR 40-42 / L

Medidas (em plano): cintura 41 cm · ancas 52 cm · comprimento 66 cm

Material: lã

Estado: a saia encontra-se em bom estado, com alguns pequenos sinais de desgaste visíveis, testemunho da sua autenticidade e história.

Por se tratar de uma peça vintage, pode apresentar marcas muito ligeiras do tempo, sem impacto estético significativo e impercetíveis quando vestida.

Descubra outras peças da maison.","Authentic Yves Saint Laurent flared skirt, a piece that embodies timeless elegance with its fluid cut and refined silhouette. Made from navy wool, it features a row of gold-tone buttons on the front, adding a sophisticated touch.

The side pockets and subtly integrated belt highlight the house’s craftsmanship. The wool gives the skirt an impeccable drape and comfortable feel. It pairs perfectly with a silk blouse for a chic look or a cashmere sweater for a more relaxed style.

Circa 1980s-1990s

Made in France

Size: FR 40-42 / L

Measurements (laid flat): waist 41 cm · hips 52 cm · length 66 cm

Material: wool

Condition report: the skirt is in good condition with a few small visible signs of wear, reflecting its authenticity and history.

Due to its vintage nature, it may show very slight signs of age, with no significant aesthetic impact and imperceptible when worn.

Discover other pieces from the house.","Auténtica falda evasé Yves Saint Laurent, una pieza que encarna la elegancia atemporal con su corte fluido y silueta refinada. Confeccionada en lana azul marino, presenta una hilera de botones dorados en la parte delantera que aporta un toque sofisticado.

Los bolsillos laterales y el cinturón sutilmente integrado destacan el savoir-faire de la maison. La lana ofrece una caída impecable y una sensación cómoda. Combina perfectamente con una blusa de seda para un look chic o con un jersey de cachemira para un estilo más relajado.

Circa años 1980-1990

Fabricada en Francia

Talla: FR 40-42 / L

Medidas (en plano): cintura 41 cm · caderas 52 cm · largo 66 cm

Material: lana

Estado: la falda está en buen estado, con algunos pequeños signos de uso visibles que reflejan su autenticidad e historia.

Por su carácter vintage, puede presentar huellas muy leves del paso del tiempo, sin impacto estético notable e imperceptibles una vez puesta.

Descubre otras piezas de la maison.","Authentique jupe évasée Yves Saint Laurent, cette pièce incarne l'élégance intemporelle avec sa coupe fluide et sa silhouette raffinée. Confectionnée en laine bleu marine, elle présente une rangée de boutons dorés sur le devant, ajoutant une touche de sophistication.

Les poches latérales et la ceinture subtilement intégrée soulignent le savoir-faire de la maison. La laine de cette jupe offre un tombé impeccable et une sensation de confort. Elle se marie parfaitement avec un chemisier en soie pour une allure chic ou un pull en cachemire pour un style décontracté.

Circa 1980s-1990s

Fabriquée en France

Taille : FR 40-42 / L

Mesures (à plat) : tour de taille 41 cm · hanches 52 cm · longueur 66 cm

Matière : laine

Condition report : la jupe est en bon état avec quelques petites usures visibles, témoignant de son authenticité et de son histoire.

En raison de son caractère vintage, elle peut présenter de très légères traces du temps, sans impact esthétique notable et imperceptibles une fois portée.

Découvrez d’autres pièces de la maison.",https://www.vinted.pt/items/9642476917,5,vinted_export/images/9642476917/01.webp | vinted_export/images/9642476917/02.webp | vinted_export/images/9642476917/03.webp | vinted_export/images/9642476917/04.webp | vinted_export/images/9642476917/05.webp,pt.bidnow@gmail.com,collectibles,Fashion,Used - Excellent,best-offer,30 days,flat-rate,15,no-returns,Lisboa,PT
9618938958,Jupe crayon Yves Saint Laurent en viscose marron motif serpent vintage authentique,55,EUR,"Authentique jupe crayon Yves Saint Laurent, cette pièce arbore une coupe élégante qui souligne la silhouette avec raffinement. Le motif serpent marron apporte une touche de caractère, tandis que la fermeture discrète et les finitions soignées témoignent du savoir-faire de la maison. 

Fabriquée en France, cette jupe incarne l'allure intemporelle des créations de la marque.Confectionnée en viscose et laine, cette jupe offre un tombé impeccable et une sensation agréable au toucher. Elle se marie parfaitement avec un chemisier en soie pour une allure sophistiquée ou un pull en cachemire pour un style plus décontracté.

Circa 1980s-1990s

Fabriqué en France

Taille : FR 40 / ML

Mesures (à plat) : Tour de taille 37 cm · Hanches 50 cm · Longueur 60 cm

Matière : viscose et laine

Condition report : Cette jupe est en très bon état, avec des signes d'usure légers mais peu visibles, préservant son élégance d'origine.

En raison de son caractère vintage, il peut présenter de très légères traces du temps, sans impact esthétique notable et imperceptibles une fois porté.

Explorez la boutique pour découvrir d’autres pièces soigneusement sélectionnées dans le même esprit.","Saia lápis autêntica Yves Saint Laurent, com um corte elegante que realça a silhueta de forma refinada. O padrão de serpente castanho acrescenta carácter, enquanto o fecho discreto e os acabamentos cuidados demonstram o savoir-faire da maison.

Fabricada em França, esta saia incorpora a estética intemporal das criações da marca. Confecionada em viscose e lã, oferece um cair impecável e um toque agradável. Combina perfeitamente com uma blusa de seda para um visual sofisticado ou com uma camisola de caxemira para um estilo mais descontraído.

Cerca de 1980-1990

Fabricada em França

Tamanho: FR 40 / M-L

Medidas (em plano): cintura 37 cm · ancas 50 cm · comprimento 60 cm

Material: viscose e lã

Estado: muito bom estado, com sinais de desgaste ligeiros e pouco visíveis, preservando a elegância original.

Por se tratar de uma peça vintage, pode apresentar marcas muito ligeiras do tempo, sem impacto estético significativo e impercetíveis quando vestida.

Explore a loja para descobrir outras peças cuidadosamente selecionadas no mesmo espírito.","Authentic Yves Saint Laurent pencil skirt with an elegant cut that flatters the silhouette. The brown snakeskin pattern adds character, while the discreet closure and careful finishing showcase the house’s craftsmanship.

Made in France, this skirt embodies the timeless appeal of the brand’s creations. Crafted from viscose and wool, it has an impeccable drape and pleasant feel. It pairs perfectly with a silk blouse for a sophisticated look or a cashmere sweater for a more relaxed style.

Circa 1980s-1990s

Made in France

Size: FR 40 / M-L

Measurements (laid flat): waist 37 cm · hips 50 cm · length 60 cm

Material: viscose and wool

Condition report: very good condition, with light, barely visible signs of wear that preserve its original elegance.

Due to its vintage nature, it may show very slight signs of age, with no significant aesthetic impact and imperceptible when worn.

Explore the shop to discover other carefully selected pieces in the same spirit.","Auténtica falda lápiz Yves Saint Laurent, con un corte elegante que realza la silueta con refinamiento. El estampado de serpiente marrón aporta carácter, mientras que el cierre discreto y los acabados cuidados reflejan el savoir-faire de la maison.

Fabricada en Francia, esta falda encarna el atractivo atemporal de las creaciones de la marca. Confeccionada en viscosa y lana, ofrece una caída impecable y un tacto agradable. Combina perfectamente con una blusa de seda para un look sofisticado o con un jersey de cachemira para un estilo más relajado.

Circa años 1980-1990

Fabricada en Francia

Talla: FR 40 / M-L

Medidas (en plano): cintura 37 cm · caderas 50 cm · largo 60 cm

Material: viscosa y lana

Estado: muy buen estado, con ligeros signos de uso poco visibles, conservando su elegancia original.

Por su carácter vintage, puede presentar huellas muy leves del paso del tiempo, sin impacto estético notable e imperceptibles una vez puesta.

Explora la tienda para descubrir otras piezas cuidadosamente seleccionadas con el mismo espíritu.","Authentique jupe crayon Yves Saint Laurent, cette pièce arbore une coupe élégante qui souligne la silhouette avec raffinement. Le motif serpent marron apporte une touche de caractère, tandis que la fermeture discrète et les finitions soignées témoignent du savoir-faire de la maison.

Fabriquée en France, cette jupe incarne l'allure intemporelle des créations de la marque. Confectionnée en viscose et laine, elle offre un tombé impeccable et une sensation agréable au toucher. Elle se marie parfaitement avec un chemisier en soie pour une allure sophistiquée ou un pull en cachemire pour un style plus décontracté.

Circa 1980s-1990s

Fabriquée en France

Taille : FR 40 / M-L

Mesures (à plat) : tour de taille 37 cm · hanches 50 cm · longueur 60 cm

Matière : viscose et laine

Condition report : cette jupe est en très bon état, avec des signes d'usure légers mais peu visibles, préservant son élégance d'origine.

En raison de son caractère vintage, elle peut présenter de très légères traces du temps, sans impact esthétique notable et imperceptibles une fois portée.

Explorez la boutique pour découvrir d’autres pièces soigneusement sélectionnées dans le même esprit.",https://www.vinted.pt/items/9618938958,5,vinted_export/images/9618938958/01.webp | vinted_export/images/9618938958/02.webp | vinted_export/images/9618938958/03.webp | vinted_export/images/9618938958/04.webp | vinted_export/images/9618938958/05.webp,pt.bidnow@gmail.com,collectibles,Fashion,Used - Excellent,best-offer,30 days,flat-rate,15,no-returns,Lisboa,PT
9591968767,Jupe crayon Yves Saint Laurent en laine rouge vintage authentique,60,EUR,"Authentique jupe crayon Yves Saint Laurent, cette pièce en laine rouge incarne l'élégance intemporelle. Sa coupe ajustée souligne la silhouette avec raffinement, tandis que la fermeture zippée et le bouton latéral ajoutent une touche de sophistication. La couleur rouge éclatante apporte une allure audacieuse, idéale pour sublimer toute garde-robe.La laine offre un tombé impeccable et une sensation de confort inégalée. Cette jupe peut être associée à une blouse en soie pour un look chic ou à un pull en cachemire pour une allure plus décontractée.

Circa 1980s-1990s

Fabriqué en France

Taille : FR42 /USA10 /XL

Mesures (à plat) : Tour de taille 38 cm · Hanches 52 cm · Longueur 65 cm

Matière : laine

Condition report : Cette jupe est en excellent état, témoignant d'un entretien soigné et d'une qualité durable.

En raison de son caractère vintage, il peut présenter de très légères traces du temps, sans impact esthétique notable et imperceptibles une fois porté.

Découvrez d’autres pièces de la maison.","Saia lápis autêntica Yves Saint Laurent em lã vermelha, uma peça que personifica a elegância intemporal. O corte justo realça a silhueta com refinamento, enquanto o fecho de correr e o botão lateral acrescentam sofisticação. O vermelho vivo cria um visual arrojado, ideal para valorizar qualquer guarda-roupa. A lã proporciona um cair impecável e uma sensação de conforto incomparável. Pode ser combinada com uma blusa de seda para um look elegante ou com uma camisola de caxemira para um estilo mais descontraído.

Cerca de 1980-1990

Fabricada em França

Tamanho: FR 42 / USA 10 / XL

Medidas (em plano): cintura 38 cm · ancas 52 cm · comprimento 65 cm

Material: lã

Estado: excelente estado, demonstrando cuidado e qualidade duradoura.

Por se tratar de uma peça vintage, pode apresentar marcas muito ligeiras do tempo, sem impacto estético significativo e impercetíveis quando vestida.

Descubra outras peças da maison.","Authentic Yves Saint Laurent pencil skirt in red wool, embodying timeless elegance. Its fitted cut flatters the silhouette, while the zip closure and side button add a sophisticated touch. The vibrant red color creates a bold look that can elevate any wardrobe. The wool provides an impeccable drape and exceptional comfort. Pair it with a silk blouse for a chic look or a cashmere sweater for a more relaxed style.

Circa 1980s-1990s

Made in France

Size: FR 42 / USA 10 / XL

Measurements (laid flat): waist 38 cm · hips 52 cm · length 65 cm

Material: wool

Condition report: excellent condition, reflecting careful maintenance and lasting quality.

Due to its vintage nature, it may show very slight signs of age, with no significant aesthetic impact and imperceptible when worn.

Discover other pieces from the house.","Auténtica falda lápiz Yves Saint Laurent de lana roja, una pieza que encarna la elegancia atemporal. Su corte ajustado realza la silueta, mientras que el cierre de cremallera y el botón lateral aportan sofisticación. El rojo intenso crea un look atrevido, ideal para realzar cualquier armario. La lana ofrece una caída impecable y una sensación de gran comodidad. Puede combinarse con una blusa de seda para un look chic o con un jersey de cachemira para un estilo más relajado.

Circa años 1980-1990

Fabricada en Francia

Talla: FR 42 / USA 10 / XL

Medidas (en plano): cintura 38 cm · caderas 52 cm · largo 65 cm

Material: lana

Estado: excelente estado, reflejo de un cuidado esmerado y una calidad duradera.

Por su carácter vintage, puede presentar huellas muy leves del paso del tiempo, sin impacto estético notable e imperceptibles una vez puesta.

Descubre otras piezas de la maison.","Authentique jupe crayon Yves Saint Laurent, cette pièce en laine rouge incarne l'élégance intemporelle. Sa coupe ajustée souligne la silhouette avec raffinement, tandis que la fermeture zippée et le bouton latéral ajoutent une touche de sophistication. La couleur rouge éclatante apporte une allure audacieuse, idéale pour sublimer toute garde-robe. La laine offre un tombé impeccable et une sensation de confort inégalée. Cette jupe peut être associée à une blouse en soie pour un look chic ou à un pull en cachemire pour une allure plus décontractée.

Circa 1980s-1990s

Fabriquée en France

Taille : FR 42 / USA 10 / XL

Mesures (à plat) : tour de taille 38 cm · hanches 52 cm · longueur 65 cm

Matière : laine

Condition report : cette jupe est en excellent état, témoignant d'un entretien soigné et d'une qualité durable.

En raison de son caractère vintage, elle peut présenter de très légères traces du temps, sans impact esthétique notable et imperceptibles une fois portée.

Découvrez d’autres pièces de la maison.",https://www.vinted.pt/items/9591968767,5,vinted_export/images/9591968767/01.webp | vinted_export/images/9591968767/02.webp | vinted_export/images/9591968767/03.webp | vinted_export/images/9591968767/04.webp | vinted_export/images/9591968767/05.webp,pt.bidnow@gmail.com,collectibles,Fashion,Used - Excellent,best-offer,30 days,flat-rate,15,no-returns,Lisboa,PT
9591993236,Tailleur jupe Yves Saint Laurent en lin slub effet bleu vintage authentique,135,EUR,"Authentique tailleur jupe Yves Saint Laurent, ce modèle incarne l'élégance intemporelle. La veste présente une coupe ajustée avec un col en V, des manches courtes et des boutons contrastants. La jupe droite complète harmonieusement la silhouette, offrant une allure raffinée. Le bleu vibrant souligne le savoir-faire exceptionnel de la maison.

Confectionné en lin, ce tailleur offre un tombé fluide et léger. Idéal pour une tenue de bureau ou une soirée, il se marie parfaitement avec des accessoires sobres pour une allure sophistiquée.

Circa 1980s-1990s

Fabriqué en France

Taille : FR 46 / XXL

Mesures (à plat) : Épaules 41 cm · Poitrine 55 cm · Tour de taille jupe 40 / blazer 50 cm · Hanches 55 cm · Longueur jupe 65 / blazer 70 cm

Matière : lin slub effet

Condition report : Ce tailleur est en bon état général avec une légère décoloration qui n'altère pas son charme.

En raison de son caractère vintage, il peut présenter de très légères traces du temps, sans impact esthétique notable et imperceptibles une fois porté.

Explorez la boutique pour découvrir d’autres pièces soigneusement sélectionnées dans le même esprit.","Fato de saia autêntico Yves Saint Laurent, um modelo que personifica a elegância intemporal. O casaco apresenta um corte cintado, decote em V, mangas curtas e botões contrastantes. A saia direita completa harmoniosamente a silhueta, criando um visual refinado. O azul vibrante destaca o savoir-faire excecional da maison.

Confecionado em linho, este conjunto oferece um cair fluido e leve. Ideal para o escritório ou para uma saída à noite, combina perfeitamente com acessórios discretos para um look sofisticado.

Cerca de 1980-1990

Fabricado em França

Tamanho: FR 46 / XXL

Medidas (em plano): ombros 41 cm · peito 55 cm · cintura saia 40 cm / blazer 50 cm · ancas 55 cm · comprimento saia 65 cm / blazer 70 cm

Material: linho com efeito slub

Estado: bom estado geral, com ligeira descoloração que não compromete o seu charme.

Por se tratar de uma peça vintage, pode apresentar marcas muito ligeiras do tempo, sem impacto estético significativo e impercetíveis quando usada.

Explore a loja para descobrir outras peças cuidadosamente selecionadas no mesmo espírito.","Authentic Yves Saint Laurent skirt suit embodying timeless elegance. The jacket has a fitted cut with a V-neck, short sleeves and contrasting buttons. The straight skirt completes the silhouette harmoniously for a refined look. The vibrant blue highlights the house’s exceptional craftsmanship.

Made from linen, this suit has a fluid, lightweight drape. Ideal for the office or an evening out, it pairs perfectly with understated accessories for a sophisticated look.

Circa 1980s-1990s

Made in France

Size: FR 46 / XXL

Measurements (laid flat): shoulders 41 cm · chest 55 cm · skirt waist 40 cm / blazer waist 50 cm · hips 55 cm · skirt length 65 cm / blazer length 70 cm

Material: slub-effect linen

Condition report: good overall condition with slight discoloration that does not detract from its charm.

Due to its vintage nature, it may show very slight signs of age, with no significant aesthetic impact and imperceptible when worn.

Explore the shop to discover other carefully selected pieces in the same spirit.","Auténtico traje de falda Yves Saint Laurent que encarna la elegancia atemporal. La chaqueta presenta un corte entallado con escote en V, mangas cortas y botones en contraste. La falda recta completa armoniosamente la silueta y aporta un aspecto refinado. El azul vibrante realza el excepcional savoir-faire de la maison.

Confeccionado en lino, este conjunto ofrece una caída fluida y ligera. Ideal para la oficina o una salida nocturna, combina perfectamente con accesorios discretos para un look sofisticado.

Circa años 1980-1990

Fabricado en Francia

Talla: FR 46 / XXL

Medidas (en plano): hombros 41 cm · pecho 55 cm · cintura falda 40 cm / blazer 50 cm · caderas 55 cm · largo falda 65 cm / blazer 70 cm

Material: lino con efecto slub

Estado: buen estado general con una ligera decoloración que no afecta a su encanto.

Por su carácter vintage, puede presentar huellas muy leves del paso del tiempo, sin impacto estético notable e imperceptibles una vez puesto.

Explora la tienda para descubrir otras piezas cuidadosamente seleccionadas con el mismo espíritu.","Authentique tailleur jupe Yves Saint Laurent, ce modèle incarne l'élégance intemporelle. La veste présente une coupe ajustée avec un col en V, des manches courtes et des boutons contrastants. La jupe droite complète harmonieusement la silhouette, offrant une allure raffinée. Le bleu vibrant souligne le savoir-faire exceptionnel de la maison.

Confectionné en lin, ce tailleur offre un tombé fluide et léger. Idéal pour une tenue de bureau ou une soirée, il se marie parfaitement avec des accessoires sobres pour une allure sophistiquée.

Circa 1980s-1990s

Fabriqué en France

Taille : FR 46 / XXL

Mesures (à plat) : épaules 41 cm · poitrine 55 cm · tour de taille jupe 40 cm / blazer 50 cm · hanches 55 cm · longueur jupe 65 cm / blazer 70 cm

Matière : lin effet slub

Condition report : ce tailleur est en bon état général avec une légère décoloration qui n'altère pas son charme.

En raison de son caractère vintage, il peut présenter de très légères traces du temps, sans impact esthétique notable et imperceptibles une fois porté.

Explorez la boutique pour découvrir d’autres pièces soigneusement sélectionnées dans le même esprit.",https://www.vinted.pt/items/9591993236,5,vinted_export/images/9591993236/01.webp | vinted_export/images/9591993236/02.webp | vinted_export/images/9591993236/03.webp | vinted_export/images/9591993236/04.webp | vinted_export/images/9591993236/05.webp,pt.bidnow@gmail.com,collectibles,Fashion,Used - Excellent,best-offer,30 days,flat-rate,15,no-returns,Lisboa,PT
9492250041,Jupe crayon Yves Saint Laurent fuchsia vintage authentique,65,EUR,"Jupe crayon fuchsia Yves Saint Laurent  vintage authentique

Cette jupe crayon Yves Saint Laurent Variation séduit par son superbe coloris fuchsia intense, emblématique des années 1980-1990. Sa coupe droite et structurée souligne élégamment la silhouette, tandis que son coton de belle qualité lui confère une tenue impeccable. Le bouton doré gravé du monogramme YSL au dos apporte une signature discrète et raffinée.
Fabriquée en France, cette pièce vintage est un intemporel du vestiaire Yves Saint Laurent, parfaite aussi bien avec une chemise blanche qu’un pull fin ou un blazer.

Marque
Yves Saint Laurent

Catégorie
Jupe crayon

Couleur
Fuchsia

Matière
100 % coton

Doublure
Non doublée

Taille étiquette
FR 42

Correspondance de taille
Convient davantage à un FR 40 • L

Mesures
Taille (à plat) : 37 cm
Hanches (à plat) : 50 cm
Longueur : 64 cm

Fabrication
Made in France

Circa
Années 1990

État
Très bon état

Condition report
Très belle conservation générale. Le tissu présente une couleur fuchsia éclatante, la fermeture éclair fonctionne parfaitement et le bouton YSL d’origine est présent. De légères marques d’usage, normales pour une pièce vintage, sans défaut notable.

Visitez ma boutique pour découvrir d’autres trésors.","Saia lápis fúcsia Yves Saint Laurent Variation vintage autêntica.

Esta saia lápis destaca-se pela magnífica cor fúcsia intensa, emblemática dos anos 1980-1990. O corte direito e estruturado realça elegantemente a silhueta, enquanto o algodão de boa qualidade garante uma estrutura impecável. O botão dourado gravado com o monograma YSL nas costas acrescenta uma assinatura discreta e refinada.
Fabricada em França, esta peça vintage é um clássico intemporal do guarda-roupa Yves Saint Laurent, perfeita com uma camisa branca, uma camisola fina ou um blazer.

Marca
Yves Saint Laurent

Categoria
Saia lápis

Cor
Fúcsia

Material
100% algodão

Forro
Sem forro

Tamanho da etiqueta
FR 42

Correspondência de tamanho
Adequada sobretudo a FR 40 • L

Medidas
Cintura (em plano): 37 cm
Ancas (em plano): 50 cm
Comprimento: 64 cm

Fabrico
Made in France

Época
Anos 1990

Estado
Muito bom estado

Relatório de estado
Muito bem conservada no geral. O tecido mantém a cor fúcsia vibrante, o fecho funciona perfeitamente e o botão YSL original está presente. Ligeiras marcas de uso, normais numa peça vintage, sem defeitos relevantes.

Visite a minha loja para descobrir outros tesouros.","Authentic vintage Yves Saint Laurent Variation fuchsia pencil skirt.

This pencil skirt stands out for its superb intense fuchsia color, emblematic of the 1980s-1990s. Its straight, structured cut elegantly flatters the silhouette, while the high-quality cotton gives it an impeccable shape. The gold-tone button engraved with the YSL monogram at the back adds a discreet, refined signature.
Made in France, this vintage piece is a timeless Yves Saint Laurent wardrobe staple, perfect with a white shirt, a fine-knit sweater or a blazer.

Brand
Yves Saint Laurent

Category
Pencil skirt

Color
Fuchsia

Material
100% cotton

Lining
Unlined

Label size
FR 42

Size equivalence
Best fits FR 40 • L

Measurements
Waist (laid flat): 37 cm
Hips (laid flat): 50 cm
Length: 64 cm

Manufacturing
Made in France

Circa
1990s

Condition
Very good condition

Condition report
Very well preserved overall. The fabric retains its vibrant fuchsia color, the zip works perfectly and the original YSL button is present. Light signs of use, normal for a vintage piece, with no notable defects.

Visit my shop to discover more treasures.","Auténtica falda lápiz fucsia vintage Yves Saint Laurent Variation.

Esta falda lápiz destaca por su magnífico color fucsia intenso, emblemático de los años 1980-1990. Su corte recto y estructurado realza elegantemente la silueta, mientras que el algodón de buena calidad le aporta una estructura impecable. El botón dorado grabado con el monograma YSL en la parte trasera añade una firma discreta y refinada.
Fabricada en Francia, esta pieza vintage es un básico atemporal del armario Yves Saint Laurent, perfecta con una camisa blanca, un jersey fino o un blazer.

Marca
Yves Saint Laurent

Categoría
Falda lápiz

Color
Fucsia

Material
100 % algodón

Forro
Sin forro

Talla de etiqueta
FR 42

Equivalencia de talla
Se adapta mejor a FR 40 • L

Medidas
Cintura (en plano): 37 cm
Caderas (en plano): 50 cm
Largo: 64 cm

Fabricación
Made in France

Época
Años 1990

Estado
Muy buen estado

Informe de estado
Muy bien conservada en general. El tejido mantiene su intenso color fucsia, la cremallera funciona perfectamente y conserva el botón YSL original. Ligeras marcas de uso, normales en una pieza vintage, sin defectos destacables.

Visita mi tienda para descubrir otros tesoros.","Jupe crayon fuchsia Yves Saint Laurent Variation vintage authentique.

Cette jupe crayon séduit par son superbe coloris fuchsia intense, emblématique des années 1980-1990. Sa coupe droite et structurée souligne élégamment la silhouette, tandis que son coton de belle qualité lui confère une tenue impeccable. Le bouton doré gravé du monogramme YSL au dos apporte une signature discrète et raffinée.
Fabriquée en France, cette pièce vintage est un intemporel du vestiaire Yves Saint Laurent, parfaite aussi bien avec une chemise blanche qu’un pull fin ou un blazer.

Marque
Yves Saint Laurent

Catégorie
Jupe crayon

Couleur
Fuchsia

Matière
100 % coton

Doublure
Non doublée

Taille étiquette
FR 42

Correspondance de taille
Convient davantage à un FR 40 • L

Mesures
Taille (à plat) : 37 cm
Hanches (à plat) : 50 cm
Longueur : 64 cm

Fabrication
Made in France

Circa
Années 1990

État
Très bon état

Condition report
Très belle conservation générale. Le tissu présente une couleur fuchsia éclatante, la fermeture éclair fonctionne parfaitement et le bouton YSL d’origine est présent. De légères marques d’usage, normales pour une pièce vintage, sans défaut notable.

Visitez ma boutique pour découvrir d’autres trésors.",https://www.vinted.pt/items/9492250041,5,vinted_export/images/9492250041/01.webp | vinted_export/images/9492250041/02.webp | vinted_export/images/9492250041/03.webp | vinted_export/images/9492250041/04.webp | vinted_export/images/9492250041/05.webp,pt.bidnow@gmail.com,collectibles,Fashion,Used - Excellent,best-offer,30 days,flat-rate,15,no-returns,Lisboa,PT
9790456507,Jupe crayon Ysl en laine bordeaux vintage authentique,65,EUR,"Authentique jupe crayon Yves Saint Laurent, cette pièce en laine bordeaux incarne l'élégance intemporelle. La coupe ajustée souligne la silhouette avec raffinement, tandis que le bouton latéral et la fermeture discrète ajoutent une touche de sophistication. 

Confectionnée avec soin, elle reflète le savoir-faire exceptionnel de la maison.La laine offre une sensation de confort et de chaleur, idéale pour les saisons fraîches. Associez-la à une blouse en soie ou un pull léger pour une allure chic et raffinée.

Circa 1980s-1990s

Fabriqué en France

Taille sur l'étiquette : FR 44 mais correspond à FR 40 / L

Mesures (à plat) : Tour de taille 42 cm · Hanches 48 cm · Longueur 59 cm

Matière : laine

Condition report : Cette jupe est en très bon état, témoignant d'un entretien soigné et d'une qualité durable.En raison de son caractère vintage, il peut présenter de très légères traces du temps, sans impact esthétique notable et imperceptibles une fois porté.

Découvrez d’autres pièces de la maison.","Saia lápis autêntica Yves Saint Laurent em lã bordô, uma peça que personifica a elegância intemporal. O corte justo realça a silhueta com refinamento, enquanto o botão lateral e o fecho discreto acrescentam um toque sofisticado.

Cuidadosamente confecionada, reflete o savoir-faire excecional da maison. A lã oferece conforto e calor, ideal para as estações mais frias. Combine-a com uma blusa de seda ou uma camisola leve para um visual elegante e refinado.

Cerca de 1980-1990

Fabricada em França

Tamanho na etiqueta: FR 44, mas corresponde a FR 40 / L

Medidas (em plano): cintura 42 cm · ancas 48 cm · comprimento 59 cm

Material: lã

Estado: muito bom estado, demonstrando cuidado e qualidade duradoura. Por se tratar de uma peça vintage, pode apresentar marcas muito ligeiras do tempo, sem impacto estético significativo e impercetíveis quando vestida.

Descubra outras peças da maison.","Authentic Yves Saint Laurent pencil skirt in burgundy wool, embodying timeless elegance. The fitted cut flatters the silhouette, while the side button and discreet closure add a sophisticated touch.

Carefully crafted, it reflects the house’s exceptional workmanship. The wool provides comfort and warmth, ideal for cooler seasons. Pair it with a silk blouse or a lightweight sweater for a chic and refined look.

Circa 1980s-1990s

Made in France

Label size: FR 44, but fits approximately FR 40 / L

Measurements (laid flat): waist 42 cm · hips 48 cm · length 59 cm

Material: wool

Condition report: very good condition, reflecting careful maintenance and lasting quality. Due to its vintage nature, it may show very slight signs of age, with no significant aesthetic impact and imperceptible when worn.

Discover other pieces from the house.","Auténtica falda lápiz Yves Saint Laurent de lana burdeos, una pieza que encarna la elegancia atemporal. El corte ajustado realza la silueta, mientras que el botón lateral y el cierre discreto aportan un toque sofisticado.

Confeccionada con esmero, refleja el savoir-faire excepcional de la maison. La lana aporta comodidad y calidez, ideal para las estaciones frías. Combínala con una blusa de seda o un jersey ligero para un look chic y refinado.

Circa años 1980-1990

Fabricada en Francia

Talla de etiqueta: FR 44, pero corresponde aproximadamente a FR 40 / L

Medidas (en plano): cintura 42 cm · caderas 48 cm · largo 59 cm

Material: lana

Estado: muy buen estado, reflejo de un cuidado esmerado y una calidad duradera. Por su carácter vintage, puede presentar huellas muy leves del paso del tiempo, sin impacto estético notable e imperceptibles una vez puesta.

Descubre otras piezas de la maison.","Authentique jupe crayon Yves Saint Laurent, cette pièce en laine bordeaux incarne l'élégance intemporelle. La coupe ajustée souligne la silhouette avec raffinement, tandis que le bouton latéral et la fermeture discrète ajoutent une touche de sophistication.

Confectionnée avec soin, elle reflète le savoir-faire exceptionnel de la maison. La laine offre une sensation de confort et de chaleur, idéale pour les saisons fraîches. Associez-la à une blouse en soie ou un pull léger pour une allure chic et raffinée.

Circa 1980s-1990s

Fabriquée en France

Taille sur l'étiquette : FR 44 mais correspond à FR 40 / L

Mesures (à plat) : tour de taille 42 cm · hanches 48 cm · longueur 59 cm

Matière : laine

Condition report : cette jupe est en très bon état, témoignant d'un entretien soigné et d'une qualité durable. En raison de son caractère vintage, elle peut présenter de très légères traces du temps, sans impact esthétique notable et imperceptibles une fois portée.

Découvrez d’autres pièces de la maison.",https://www.vinted.pt/items/9790456507,5,vinted_export/images/9790456507/01.webp | vinted_export/images/9790456507/02.webp | vinted_export/images/9790456507/03.webp | vinted_export/images/9790456507/04.webp | vinted_export/images/9790456507/05.webp,pt.bidnow@gmail.com,collectibles,Fashion,Used - Excellent,best-offer,30 days,flat-rate,15,no-returns,Lisboa,PT
9888547463,Jupe crayon Yves Saint Laurent en laine noire vintage authentique,70,EUR,"Authentique jupe Yves Saint Laurent. Cette pièce intemporelle présente une coupe crayon élégante qui flatte la silhouette. Confectionnée dans une laine noire raffinée, elle se distingue par sa taille haute et ses finitions soignées. Un bouton discret sur le côté ajoute une touche de sophistication, témoignant du savoir-faire artisanal de la maison.

La laine de cette jupe offre un tombé impeccable et une sensation de confort. Parfaite pour être associée à une chemise blanche pour un look classique ou à un pull en cachemire pour une allure décontractée et chic.

Circa 1980s-1990s

Fabriqué en France

Taille : FR 40 - 42 / L

Mesures (à plat) : Tour de taille 42 cm · Hanches 48 cm · Longueur 60 cm

Matière : laine

Condition report : En très bon état général, cette jupe a été soigneusement préservée, conservant toute son allure d'origine.

En raison de son caractère vintage, il peut présenter de très légères traces du temps, sans impact esthétique notable et imperceptibles une fois porté.

Explorez la boutique pour découvrir d’autres pièces soigneusement sélectionnées dans le même esprit.","Saia autêntica Yves Saint Laurent. Esta peça intemporal apresenta um elegante corte lápis que favorece a silhueta. Confecionada em lã preta refinada, distingue-se pela cintura subida e pelos acabamentos cuidados. Um botão discreto na lateral acrescenta sofisticação, refletindo o savoir-faire artesanal da maison.

A lã proporciona um cair impecável e uma sensação confortável. Perfeita com uma camisa branca para um look clássico ou com uma camisola de caxemira para um estilo descontraído e elegante.

Cerca de 1980-1990

Fabricada em França

Tamanho: FR 40-42 / L

Medidas (em plano): cintura 42 cm · ancas 48 cm · comprimento 60 cm

Material: lã

Estado: muito bom estado geral; foi cuidadosamente preservada, mantendo toda a sua aparência original.

Por se tratar de uma peça vintage, pode apresentar marcas muito ligeiras do tempo, sem impacto estético significativo e impercetíveis quando vestida.

Explore a loja para descobrir outras peças cuidadosamente selecionadas no mesmo espírito.","Authentic Yves Saint Laurent skirt. This timeless piece features an elegant pencil cut that flatters the silhouette. Made from refined black wool, it stands out for its high waist and careful finishing. A discreet side button adds a sophisticated touch, reflecting the house’s craftsmanship.

The wool gives the skirt an impeccable drape and comfortable feel. Perfect with a white shirt for a classic look or a cashmere sweater for a relaxed yet chic style.

Circa 1980s-1990s

Made in France

Size: FR 40-42 / L

Measurements (laid flat): waist 42 cm · hips 48 cm · length 60 cm

Material: wool

Condition report: very good overall condition; the skirt has been carefully preserved and retains its original appearance.

Due to its vintage nature, it may show very slight signs of age, with no significant aesthetic impact and imperceptible when worn.

Explore the shop to discover other carefully selected pieces in the same spirit.","Auténtica falda Yves Saint Laurent. Esta pieza atemporal presenta un elegante corte lápiz que favorece la silueta. Confeccionada en refinada lana negra, destaca por su cintura alta y sus acabados cuidados. Un discreto botón lateral aporta sofisticación y refleja el savoir-faire artesanal de la maison.

La lana proporciona una caída impecable y una sensación cómoda. Perfecta con una camisa blanca para un look clásico o con un jersey de cachemira para un estilo relajado y chic.

Circa años 1980-1990

Fabricada en Francia

Talla: FR 40-42 / L

Medidas (en plano): cintura 42 cm · caderas 48 cm · largo 60 cm

Material: lana

Estado: muy buen estado general; ha sido cuidadosamente conservada y mantiene todo su aspecto original.

Por su carácter vintage, puede presentar huellas muy leves del paso del tiempo, sin impacto estético notable e imperceptibles una vez puesta.

Explora la tienda para descubrir otras piezas cuidadosamente seleccionadas con el mismo espíritu.","Authentique jupe Yves Saint Laurent. Cette pièce intemporelle présente une coupe crayon élégante qui flatte la silhouette. Confectionnée dans une laine noire raffinée, elle se distingue par sa taille haute et ses finitions soignées. Un bouton discret sur le côté ajoute une touche de sophistication, témoignant du savoir-faire artisanal de la maison.

La laine de cette jupe offre un tombé impeccable et une sensation de confort. Parfaite pour être associée à une chemise blanche pour un look classique ou à un pull en cachemire pour une allure décontractée et chic.

Circa 1980s-1990s

Fabriquée en France

Taille : FR 40-42 / L

Mesures (à plat) : tour de taille 42 cm · hanches 48 cm · longueur 60 cm

Matière : laine

Condition report : en très bon état général, cette jupe a été soigneusement préservée, conservant toute son allure d'origine.

En raison de son caractère vintage, elle peut présenter de très légères traces du temps, sans impact esthétique notable et imperceptibles une fois portée.

Explorez la boutique pour découvrir d’autres pièces soigneusement sélectionnées dans le même esprit.",https://www.vinted.pt/items/9888547463,5,vinted_export/images/9888547463/01.webp | vinted_export/images/9888547463/02.webp | vinted_export/images/9888547463/03.webp | vinted_export/images/9888547463/04.webp | vinted_export/images/9888547463/05.webp,pt.bidnow@gmail.com,collectibles,Fashion,Used - Excellent,best-offer,30 days,flat-rate,15,no-returns,Lisboa,PT
9888392371,Jupe crayon Yves Saint Laurent en velours noir vintage authentique,70,EUR,"Authentique jupe YSL, cette pièce en velours noir incarne l'élégance intemporelle de la maison. Sa coupe droite et sa taille élastiquée offrent une silhouette raffinée et confortable. Le tombé du velours, luxueux et doux, souligne le savoir-faire exceptionnel de la marque. Fabriquée en France, elle témoigne de l'héritage de la haute couture.

Le velours de cette jupe procure une sensation de douceur et de chaleur, idéale pour les saisons fraîches. Elle se marie aisément avec une chemise blanche ou un pull léger pour une allure chic et décontractée.

Circa 1980s-1990s

Fabriqué en France

Taille : FR 42 / L

Mesures (à plat) : Tour de taille 40 cm · Hanches 50 cm · Longueur 55 cm

Matière : velours

Condition report : En très bon état, cette jupe a été soigneusement préservée, conservant toute son allure d'origine.

En raison de son caractère vintage, il peut présenter de très légères traces du temps, sans impact esthétique notable et imperceptibles une fois porté.

Explorez la boutique pour découvrir d’autres pièces soigneusement sélectionnées dans le même esprit.","Saia YSL autêntica em veludo preto, uma peça que personifica a elegância intemporal da maison. O corte direito e a cintura elástica proporcionam uma silhueta refinada e confortável. O cair luxuoso e suave do veludo destaca o savoir-faire excecional da marca. Fabricada em França, testemunha a herança da alta-costura.

O veludo proporciona uma sensação de suavidade e calor, ideal para as estações frias. Combina facilmente com uma camisa branca ou uma camisola leve para um visual elegante e descontraído.

Cerca de 1980-1990

Fabricada em França

Tamanho: FR 42 / L

Medidas (em plano): cintura 40 cm · ancas 50 cm · comprimento 55 cm

Material: veludo

Estado: muito bom estado; a saia foi cuidadosamente preservada e mantém toda a sua aparência original.

Por se tratar de uma peça vintage, pode apresentar marcas muito ligeiras do tempo, sem impacto estético significativo e impercetíveis quando vestida.

Explore a loja para descobrir outras peças cuidadosamente selecionadas no mesmo espírito.","Authentic YSL skirt in black velvet, a piece that embodies the house’s timeless elegance. Its straight cut and elasticated waist create a refined yet comfortable silhouette. The luxurious, soft drape of the velvet highlights the brand’s exceptional craftsmanship. Made in France, it reflects the heritage of haute couture.

The velvet feels soft and warm, ideal for cooler seasons. It pairs easily with a white shirt or lightweight sweater for a chic, relaxed look.

Circa 1980s-1990s

Made in France

Size: FR 42 / L

Measurements (laid flat): waist 40 cm · hips 50 cm · length 55 cm

Material: velvet

Condition report: very good condition; the skirt has been carefully preserved and retains its original appearance.

Due to its vintage nature, it may show very slight signs of age, with no significant aesthetic impact and imperceptible when worn.

Explore the shop to discover other carefully selected pieces in the same spirit.","Auténtica falda YSL de terciopelo negro, una pieza que encarna la elegancia atemporal de la maison. Su corte recto y cintura elástica ofrecen una silueta refinada y cómoda. La caída lujosa y suave del terciopelo destaca el savoir-faire excepcional de la marca. Fabricada en Francia, refleja la herencia de la alta costura.

El terciopelo aporta una sensación de suavidad y calidez, ideal para las estaciones frías. Combina fácilmente con una camisa blanca o un jersey ligero para un look chic y relajado.

Circa años 1980-1990

Fabricada en Francia

Talla: FR 42 / L

Medidas (en plano): cintura 40 cm · caderas 50 cm · largo 55 cm

Material: terciopelo

Estado: muy buen estado; la falda ha sido cuidadosamente conservada y mantiene todo su aspecto original.

Por su carácter vintage, puede presentar huellas muy leves del paso del tiempo, sin impacto estético notable e imperceptibles una vez puesta.

Explora la tienda para descubrir otras piezas cuidadosamente seleccionadas con el mismo espíritu.","Authentique jupe YSL, cette pièce en velours noir incarne l'élégance intemporelle de la maison. Sa coupe droite et sa taille élastiquée offrent une silhouette raffinée et confortable. Le tombé du velours, luxueux et doux, souligne le savoir-faire exceptionnel de la marque. Fabriquée en France, elle témoigne de l'héritage de la haute couture.

Le velours de cette jupe procure une sensation de douceur et de chaleur, idéale pour les saisons fraîches. Elle se marie aisément avec une chemise blanche ou un pull léger pour une allure chic et décontractée.

Circa 1980s-1990s

Fabriquée en France

Taille : FR 42 / L

Mesures (à plat) : tour de taille 40 cm · hanches 50 cm · longueur 55 cm

Matière : velours

Condition report : en très bon état, cette jupe a été soigneusement préservée, conservant toute son allure d'origine.

En raison de son caractère vintage, elle peut présenter de très légères traces du temps, sans impact esthétique notable et imperceptibles une fois portée.

Explorez la boutique pour découvrir d’autres pièces soigneusement sélectionnées dans le même esprit.",https://www.vinted.pt/items/9888392371,5,vinted_export/images/9888392371/01.webp | vinted_export/images/9888392371/02.webp | vinted_export/images/9888392371/03.webp | vinted_export/images/9888392371/04.webp | vinted_export/images/9888392371/05.webp,pt.bidnow@gmail.com,collectibles,Fashion,Used - Excellent,best-offer,30 days,flat-rate,15,no-returns,Lisboa,PT
9662479482,Jupe Yves Saint Laurent en coton blanc vintage authentique,50,EUR,"Authentique jupe Yves Saint Laurent, cette pièce incarne l'élégance intemporelle de la maison. Sa coupe droite et sa taille haute flattent la silhouette avec une simplicité raffinée. Confectionnée en coton blanc, elle présente une fermeture discrète sur le côté et des finitions soignées, témoignant du savoir-faire de la marque.La matière en coton offre un tombé naturel et agréable, parfait pour les journées estivales. Cette jupe se marie aisément avec une chemise légère ou un top ajusté pour une allure élégante et décontractée.

Circa 1980s-1990s

Fabriqué en France

Taille : FR 42 / L

Mesures (à plat) : Tour de taille 38 cm · Hanches 50 cm · Longueur 62 cm

Matière : coton

Condition report : La jupe est en bon état général avec quelques petites taches discrètes.

En raison de son caractère vintage, il peut présenter de très légères traces du temps, sans impact esthétique notable et imperceptibles une fois porté.

Explorez la boutique pour découvrir d’autres pièces soigneusement sélectionnées dans le même esprit.","Saia autêntica Yves Saint Laurent, uma peça que personifica a elegância intemporal da maison. O corte direito e a cintura subida favorecem a silhueta com uma simplicidade refinada. Confecionada em algodão branco, apresenta um fecho discreto na lateral e acabamentos cuidados, testemunho do savoir-faire da marca. O algodão oferece um cair natural e agradável, perfeito para os dias de verão. Combina facilmente com uma camisa leve ou um top justo para um visual elegante e descontraído.

Cerca de 1980-1990

Fabricada em França

Tamanho: FR 42 / L

Medidas (em plano): cintura 38 cm · ancas 50 cm · comprimento 62 cm

Material: algodão

Estado: bom estado geral, com algumas pequenas manchas discretas.

Por se tratar de uma peça vintage, pode apresentar marcas muito ligeiras do tempo, sem impacto estético significativo e impercetíveis quando vestida.

Explore a loja para descobrir outras peças cuidadosamente selecionadas no mesmo espírito.","Authentic Yves Saint Laurent skirt embodying the house’s timeless elegance. Its straight cut and high waist flatter the silhouette with refined simplicity. Made from white cotton, it features a discreet side closure and careful finishing that reflect the brand’s craftsmanship. The cotton provides a natural, comfortable drape, perfect for summer days. It pairs easily with a lightweight shirt or fitted top for an elegant yet relaxed look.

Circa 1980s-1990s

Made in France

Size: FR 42 / L

Measurements (laid flat): waist 38 cm · hips 50 cm · length 62 cm

Material: cotton

Condition report: good overall condition with a few small, discreet stains.

Due to its vintage nature, it may show very slight signs of age, with no significant aesthetic impact and imperceptible when worn.

Explore the shop to discover other carefully selected pieces in the same spirit.","Auténtica falda Yves Saint Laurent que encarna la elegancia atemporal de la maison. Su corte recto y cintura alta favorecen la silueta con una sencillez refinada. Confeccionada en algodón blanco, presenta un cierre discreto en el lateral y acabados cuidados que reflejan el savoir-faire de la marca. El algodón ofrece una caída natural y agradable, perfecta para los días de verano. Combina fácilmente con una camisa ligera o un top ajustado para un look elegante y relajado.

Circa años 1980-1990

Fabricada en Francia

Talla: FR 42 / L

Medidas (en plano): cintura 38 cm · caderas 50 cm · largo 62 cm

Material: algodón

Estado: buen estado general con algunas pequeñas manchas discretas.

Por su carácter vintage, puede presentar huellas muy leves del paso del tiempo, sin impacto estético notable e imperceptibles una vez puesta.

Explora la tienda para descubrir otras piezas cuidadosamente seleccionadas con el mismo espíritu.","Authentique jupe Yves Saint Laurent, cette pièce incarne l'élégance intemporelle de la maison. Sa coupe droite et sa taille haute flattent la silhouette avec une simplicité raffinée. Confectionnée en coton blanc, elle présente une fermeture discrète sur le côté et des finitions soignées, témoignant du savoir-faire de la marque. La matière en coton offre un tombé naturel et agréable, parfait pour les journées estivales. Cette jupe se marie aisément avec une chemise légère ou un top ajusté pour une allure élégante et décontractée.

Circa 1980s-1990s

Fabriquée en France

Taille : FR 42 / L

Mesures (à plat) : tour de taille 38 cm · hanches 50 cm · longueur 62 cm

Matière : coton

Condition report : la jupe est en bon état général avec quelques petites taches discrètes.

En raison de son caractère vintage, elle peut présenter de très légères traces du temps, sans impact esthétique notable et imperceptibles une fois portée.

Explorez la boutique pour découvrir d’autres pièces soigneusement sélectionnées dans le même esprit.",https://www.vinted.pt/items/9662479482,5,vinted_export/images/9662479482/01.webp | vinted_export/images/9662479482/02.webp | vinted_export/images/9662479482/03.webp | vinted_export/images/9662479482/04.webp | vinted_export/images/9662479482/05.webp,pt.bidnow@gmail.com,collectibles,Fashion,Used - Excellent,best-offer,30 days,flat-rate,15,no-returns,Lisboa,PT
9492267704,Jupe crayon Yves Saint Laurent bleu électrique texturée vintage authentique,65,EUR,"Jupe crayon Yves Saint Laurent bleu électrique texturée vintage authentique

Cette jupe crayon Yves Saint Laurent Variation séduit par son éclatant coloris bleu électrique et son tissu subtilement texturé à fines côtes horizontales. Sa coupe droite, ajustée et intemporelle met la silhouette en valeur tout en conservant une élégance sobre. Une pièce forte, facile à associer aussi bien avec une chemise blanche qu’un top noir pour un look chic et graphique.

Fabriquée en France, cette jupe reflète le savoir-faire de la maison Yves Saint Laurent et constitue un bel essentiel du vestiaire vintage.

Marque
Yves Saint Laurent

Catégorie
Jupe crayon

Couleur
Bleu électrique

Matière
65 % viscose, 35 % coton

Doublure
Doublée

Taille étiquette
FR 38

Correspondance de taille
Convient à un FR 38 • M

Mesures
Taille (à plat) : 37 cm
Hanches (à plat) : 47 cm
Longueur : 54 cm

Fabrication
Made in France

Circa
Années 1990

État
Très bon état

Condition report
Très belle conservation générale. Le tissu conserve sa texture d’origine et sa couleur bleu électrique intense. La doublure est propre et les finitions sont soignées. De très légères traces d’usage, normales pour une pièce vintage, sans défaut notable.

Visitez ma boutique pour découvrir d’autres trésors.","Saia lápis Yves Saint Laurent azul-elétrico texturada, vintage autêntica.

Esta saia lápis Yves Saint Laurent Variation destaca-se pela cor azul-elétrico intensa e pelo tecido subtilmente texturado com finas nervuras horizontais. O corte direito, justo e intemporal valoriza a silhueta mantendo uma elegância sóbria. Uma peça marcante e fácil de combinar com uma camisa branca ou um top preto para um look elegante e gráfico.

Fabricada em França, reflete o savoir-faire da maison Yves Saint Laurent e é um belo essencial de um guarda-roupa vintage.

Marca
Yves Saint Laurent

Categoria
Saia lápis

Cor
Azul-elétrico

Material
65% viscose, 35% algodão

Forro
Com forro

Tamanho da etiqueta
FR 38

Correspondência de tamanho
FR 38 • M

Medidas
Cintura (em plano): 37 cm
Ancas (em plano): 47 cm
Comprimento: 54 cm

Fabrico
Made in France

Época
Anos 1990

Estado
Muito bom estado

Relatório de estado
Muito bem conservada no geral. O tecido mantém a textura original e a cor azul-elétrico intensa. O forro está limpo e os acabamentos são cuidados. Marcas de uso muito ligeiras, normais numa peça vintage, sem defeitos relevantes.

Visite a minha loja para descobrir outros tesouros.","Authentic vintage textured electric-blue Yves Saint Laurent pencil skirt.

This Yves Saint Laurent Variation pencil skirt stands out for its vibrant electric-blue color and subtly textured fabric with fine horizontal ribs. Its straight, fitted and timeless cut flatters the silhouette while maintaining understated elegance. A statement piece that is easy to pair with a white shirt or black top for a chic, graphic look.

Made in France, this skirt reflects the craftsmanship of Yves Saint Laurent and is a beautiful vintage wardrobe essential.

Brand
Yves Saint Laurent

Category
Pencil skirt

Color
Electric blue

Material
65% viscose, 35% cotton

Lining
Lined

Label size
FR 38

Size equivalence
FR 38 • M

Measurements
Waist (laid flat): 37 cm
Hips (laid flat): 47 cm
Length: 54 cm

Manufacturing
Made in France

Circa
1990s

Condition
Very good condition

Condition report
Very well preserved overall. The fabric retains its original texture and intense electric-blue color. The lining is clean and the finishing is neat. Very light signs of use, normal for a vintage piece, with no notable defects.

Visit my shop to discover more treasures.","Auténtica falda lápiz Yves Saint Laurent azul eléctrico texturizada vintage.

Esta falda lápiz Yves Saint Laurent Variation destaca por su intenso color azul eléctrico y su tejido sutilmente texturizado con finas nervaduras horizontales. Su corte recto, ajustado y atemporal realza la silueta manteniendo una elegancia sobria. Una pieza llamativa y fácil de combinar con una camisa blanca o un top negro para un look chic y gráfico.

Fabricada en Francia, refleja el savoir-faire de la maison Yves Saint Laurent y constituye un precioso básico de armario vintage.

Marca
Yves Saint Laurent

Categoría
Falda lápiz

Color
Azul eléctrico

Material
65 % viscosa, 35 % algodón

Forro
Forrada

Talla de etiqueta
FR 38

Equivalencia de talla
FR 38 • M

Medidas
Cintura (en plano): 37 cm
Caderas (en plano): 47 cm
Largo: 54 cm

Fabricación
Made in France

Época
Años 1990

Estado
Muy buen estado

Informe de estado
Muy bien conservada en general. El tejido mantiene su textura original y su intenso color azul eléctrico. El forro está limpio y los acabados son cuidados. Marcas de uso muy leves, normales en una pieza vintage, sin defectos destacables.

Visita mi tienda para descubrir otros tesoros.","Jupe crayon Yves Saint Laurent bleu électrique texturée vintage authentique.

Cette jupe crayon Yves Saint Laurent Variation séduit par son éclatant coloris bleu électrique et son tissu subtilement texturé à fines côtes horizontales. Sa coupe droite, ajustée et intemporelle met la silhouette en valeur tout en conservant une élégance sobre. Une pièce forte, facile à associer aussi bien avec une chemise blanche qu’un top noir pour un look chic et graphique.

Fabriquée en France, cette jupe reflète le savoir-faire de la maison Yves Saint Laurent et constitue un bel essentiel du vestiaire vintage.

Marque
Yves Saint Laurent

Catégorie
Jupe crayon

Couleur
Bleu électrique

Matière
65 % viscose, 35 % coton

Doublure
Doublée

Taille étiquette
FR 38

Correspondance de taille
Convient à un FR 38 • M

Mesures
Taille (à plat) : 37 cm
Hanches (à plat) : 47 cm
Longueur : 54 cm

Fabrication
Made in France

Circa
Années 1990

État
Très bon état

Condition report
Très belle conservation générale. Le tissu conserve sa texture d’origine et sa couleur bleu électrique intense. La doublure est propre et les finitions sont soignées. De très légères traces d’usage, normales pour une pièce vintage, sans défaut notable.

Visitez ma boutique pour découvrir d’autres trésors.",https://www.vinted.pt/items/9492267704,5,vinted_export/images/9492267704/01.webp | vinted_export/images/9492267704/02.webp | vinted_export/images/9492267704/03.webp | vinted_export/images/9492267704/04.webp | vinted_export/images/9492267704/05.webp,pt.bidnow@gmail.com,collectibles,Fashion,Used - Excellent,best-offer,30 days,flat-rate,15,no-returns,Lisboa,PT
9483677190,Authentique robe Yves Saint Laurent Beachwear en coton léger noir et blanc vintage,85,EUR,"Authentique robe Yves Saint Laurent Beachwear en coton léger noir et blanc, ornée d’un imprimé graphique d’inspiration ethnique et géométrique rappelant les motifs antiques méditerranéens. Cette pièce estivale au charme bohème chic présente une coupe fluide et féminine avec bas volanté en coton blanc texturé et finition crochet ajourée.

Les boutons siglés YSL apportent une touche subtilement luxueuse à cette silhouette décontractée emblématique des collections casual haut de gamme Yves Saint Laurent Variation des années 1980-1990.

Circa fin des années 1980 / début 1990

Marque : Yves Saint Laurent Beachwear

Fabrication : Made in France

Matière : Coton léger

Taille estimée : FR 36 - 38 / S

Mesures à plat :

Poitrine : 45 cm
Taille : 38 cm
Longueur : 106 cm

Détails :
Imprimé graphique noir et blanc
Boutons siglés YSL
Coupe fluide et confortable
Bas volanté en coton blanc
Finition crochet ajourée
Manches courtes
Style bohème chic / resort vintage
Tissu léger idéal été

Condition report : Très bon état vintage

Une robe Yves Saint Laurent authentique au style effortless chic, parfaite pour une silhouette Riviera, arty ou quiet luxury vintage.

Visitez ma boutique pour découvrir d’autres trésors.","Vestido autêntico Yves Saint Laurent Beachwear em algodão leve preto e branco, com estampado gráfico de inspiração étnica e geométrica que recorda motivos antigos mediterrânicos. Esta peça de verão de charme boho-chic apresenta um corte fluido e feminino, com parte inferior folhada em algodão branco texturado e acabamento em crochet vazado.

Os botões com assinatura YSL acrescentam um toque subtilmente luxuoso a esta silhueta descontraída, emblemática das coleções casual premium Yves Saint Laurent Variation dos anos 1980-1990.

Cerca do final dos anos 1980 / início dos anos 1990

Marca: Yves Saint Laurent Beachwear

Fabrico: Made in France

Material: algodão leve

Tamanho estimado: FR 36-38 / S

Medidas em plano:
Peito: 45 cm
Cintura: 38 cm
Comprimento: 106 cm

Detalhes:
Estampado gráfico preto e branco
Botões com assinatura YSL
Corte fluido e confortável
Parte inferior folhada em algodão branco
Acabamento em crochet vazado
Mangas curtas
Estilo boho chic / resort vintage
Tecido leve ideal para o verão

Estado: muito bom estado vintage

Um vestido Yves Saint Laurent autêntico de estilo effortless chic, perfeito para um visual Riviera, arty ou quiet luxury vintage.

Visite a minha loja para descobrir outros tesouros.","Authentic Yves Saint Laurent Beachwear dress in lightweight black-and-white cotton, featuring a graphic ethnic- and geometric-inspired print reminiscent of ancient Mediterranean motifs. This summery boho-chic piece has a fluid, feminine cut with a ruffled hem in textured white cotton and openwork crochet finishing.

YSL-logo buttons add a subtly luxurious touch to this relaxed silhouette, emblematic of the premium casual Yves Saint Laurent Variation collections of the 1980s-1990s.

Circa late 1980s / early 1990s

Brand: Yves Saint Laurent Beachwear

Manufacturing: Made in France

Material: lightweight cotton

Estimated size: FR 36-38 / S

Measurements laid flat:
Chest: 45 cm
Waist: 38 cm
Length: 106 cm

Details:
Black-and-white graphic print
YSL-logo buttons
Fluid, comfortable cut
Ruffled white cotton hem
Openwork crochet finishing
Short sleeves
Boho-chic / vintage resort style
Lightweight fabric ideal for summer

Condition report: very good vintage condition

An authentic Yves Saint Laurent dress with effortless-chic style, perfect for a Riviera, arty or vintage quiet-luxury look.

Visit my shop to discover more treasures.","Auténtico vestido Yves Saint Laurent Beachwear de algodón ligero en blanco y negro, con estampado gráfico de inspiración étnica y geométrica que recuerda a motivos antiguos mediterráneos. Esta pieza veraniega de encanto boho chic presenta un corte fluido y femenino, con bajo de volantes en algodón blanco texturizado y acabado de crochet calado.

Los botones con firma YSL aportan un toque sutilmente lujoso a esta silueta relajada, emblemática de las colecciones casual premium Yves Saint Laurent Variation de los años 1980-1990.

Circa finales de los años 1980 / principios de 1990

Marca: Yves Saint Laurent Beachwear

Fabricación: Made in France

Material: algodón ligero

Talla estimada: FR 36-38 / S

Medidas en plano:
Pecho: 45 cm
Cintura: 38 cm
Largo: 106 cm

Detalles:
Estampado gráfico blanco y negro
Botones con firma YSL
Corte fluido y cómodo
Bajo de volantes en algodón blanco
Acabado de crochet calado
Mangas cortas
Estilo boho chic / resort vintage
Tejido ligero ideal para verano

Estado: muy buen estado vintage

Un auténtico vestido Yves Saint Laurent de estilo effortless chic, perfecto para un look Riviera, arty o quiet luxury vintage.

Visita mi tienda para descubrir otros tesoros.","Authentique robe Yves Saint Laurent Beachwear en coton léger noir et blanc, ornée d’un imprimé graphique d’inspiration ethnique et géométrique rappelant les motifs antiques méditerranéens. Cette pièce estivale au charme bohème chic présente une coupe fluide et féminine avec bas volanté en coton blanc texturé et finition crochet ajourée.

Les boutons siglés YSL apportent une touche subtilement luxueuse à cette silhouette décontractée emblématique des collections casual haut de gamme Yves Saint Laurent Variation des années 1980-1990.

Circa fin des années 1980 / début 1990

Marque : Yves Saint Laurent Beachwear

Fabrication : Made in France

Matière : coton léger

Taille estimée : FR 36-38 / S

Mesures à plat :
Poitrine : 45 cm
Taille : 38 cm
Longueur : 106 cm

Détails :
Imprimé graphique noir et blanc
Boutons siglés YSL
Coupe fluide et confortable
Bas volanté en coton blanc
Finition crochet ajourée
Manches courtes
Style bohème chic / resort vintage
Tissu léger idéal été

Condition report : très bon état vintage

Une robe Yves Saint Laurent authentique au style effortless chic, parfaite pour une silhouette Riviera, arty ou quiet luxury vintage.

Visitez ma boutique pour découvrir d’autres trésors.",https://www.vinted.pt/items/9483677190,5,vinted_export/images/9483677190/01.webp | vinted_export/images/9483677190/02.webp | vinted_export/images/9483677190/03.webp | vinted_export/images/9483677190/04.webp | vinted_export/images/9483677190/05.webp,pt.bidnow@gmail.com,collectibles,Fashion,Used - Excellent,best-offer,30 days,flat-rate,15,no-returns,Lisboa,PT
9790514012,Jupe Yves Saint Laurent en coton marron vintage authentique,70,EUR,"Authentique jupe Yves Saint Laurent, cette pièce incarne l'élégance intemporelle avec sa coupe droite et sa taille élastiquée qui souligne délicatement la silhouette. La couleur marron riche et profonde se marie parfaitement avec la texture douce du tissu en coton et viscose, révélant le savoir-faire exceptionnel de la maison.

La matière en coton et viscose offre un tombé fluide et agréable, idéal pour un style raffiné au quotidien. Cette jupe s'associe aisément avec une blouse légère ou un pull ajusté pour une allure sophistiquée.

Circa 1980s-1990s

Fabriqué en France

Taille : FR 38 / M

Mesures (à plat) : Tour de taille 34 cm · Hanches 50 cm · Longueur 55 cm

Matière : coton, viscose

Condition report : En très bon état général, cette jupe présente une apparence soignée et bien entretenue.

En raison de son caractère vintage, il peut présenter de très légères traces du temps, sans impact esthétique notable et imperceptibles une fois porté.

Explorez la boutique pour découvrir d’autres pièces soigneusement sélectionnées dans le même esprit.","Saia autêntica Yves Saint Laurent que personifica a elegância intemporal, com corte direito e cintura elástica que realça delicadamente a silhueta. A cor castanha rica e profunda combina perfeitamente com a textura suave do tecido de algodão e viscose, revelando o savoir-faire excecional da maison.

A mistura de algodão e viscose oferece um cair fluido e agradável, ideal para um estilo refinado no dia a dia. Combina facilmente com uma blusa leve ou uma camisola justa para um visual sofisticado.

Cerca de 1980-1990

Fabricada em França

Tamanho: FR 38 / M

Medidas (em plano): cintura 34 cm · ancas 50 cm · comprimento 55 cm

Material: algodão, viscose

Estado: muito bom estado geral, com aparência cuidada e bem conservada.

Por se tratar de uma peça vintage, pode apresentar marcas muito ligeiras do tempo, sem impacto estético significativo e impercetíveis quando vestida.

Explore a loja para descobrir outras peças cuidadosamente selecionadas no mesmo espírito.","Authentic Yves Saint Laurent skirt embodying timeless elegance, with a straight cut and elasticated waist that gently defines the silhouette. The rich, deep brown color pairs beautifully with the soft texture of the cotton-viscose fabric, revealing the house’s exceptional craftsmanship.

The cotton-viscose blend offers a fluid, comfortable drape, ideal for a refined everyday style. It pairs easily with a lightweight blouse or fitted sweater for a sophisticated look.

Circa 1980s-1990s

Made in France

Size: FR 38 / M

Measurements (laid flat): waist 34 cm · hips 50 cm · length 55 cm

Material: cotton, viscose

Condition report: very good overall condition, with a neat and well-maintained appearance.

Due to its vintage nature, it may show very slight signs of age, with no significant aesthetic impact and imperceptible when worn.

Explore the shop to discover other carefully selected pieces in the same spirit.","Auténtica falda Yves Saint Laurent que encarna la elegancia atemporal, con corte recto y cintura elástica que realza delicadamente la silueta. El rico color marrón combina perfectamente con la textura suave del tejido de algodón y viscosa, revelando el savoir-faire excepcional de la maison.

La mezcla de algodón y viscosa ofrece una caída fluida y agradable, ideal para un estilo refinado de diario. Combina fácilmente con una blusa ligera o un jersey ajustado para un look sofisticado.

Circa años 1980-1990

Fabricada en Francia

Talla: FR 38 / M

Medidas (en plano): cintura 34 cm · caderas 50 cm · largo 55 cm

Material: algodón, viscosa

Estado: muy buen estado general, con un aspecto cuidado y bien conservado.

Por su carácter vintage, puede presentar huellas muy leves del paso del tiempo, sin impacto estético notable e imperceptibles una vez puesta.

Explora la tienda para descubrir otras piezas cuidadosamente seleccionadas con el mismo espíritu.","Authentique jupe Yves Saint Laurent, cette pièce incarne l'élégance intemporelle avec sa coupe droite et sa taille élastiquée qui souligne délicatement la silhouette. La couleur marron riche et profonde se marie parfaitement avec la texture douce du tissu en coton et viscose, révélant le savoir-faire exceptionnel de la maison.

La matière en coton et viscose offre un tombé fluide et agréable, idéal pour un style raffiné au quotidien. Cette jupe s'associe aisément avec une blouse légère ou un pull ajusté pour une allure sophistiquée.

Circa 1980s-1990s

Fabriquée en France

Taille : FR 38 / M

Mesures (à plat) : tour de taille 34 cm · hanches 50 cm · longueur 55 cm

Matière : coton, viscose

Condition report : en très bon état général, cette jupe présente une apparence soignée et bien entretenue.

En raison de son caractère vintage, elle peut présenter de très légères traces du temps, sans impact esthétique notable et imperceptibles une fois portée.

Explorez la boutique pour découvrir d’autres pièces soigneusement sélectionnées dans le même esprit.",https://www.vinted.pt/items/9790514012,5,vinted_export/images/9790514012/01.webp | vinted_export/images/9790514012/02.webp | vinted_export/images/9790514012/03.webp | vinted_export/images/9790514012/04.webp | vinted_export/images/9790514012/05.webp,pt.bidnow@gmail.com,collectibles,Fashion,Used - Excellent,best-offer,30 days,flat-rate,15,no-returns,Lisboa,PT
9732163610,Jupe crayon Yves Saint Laurent en coton blanc vintage authentique,45,EUR,"Authentique jupe crayon Yves Saint Laurent, cette pièce vintage se distingue par sa coupe ajustée et sa silhouette élégante. 

Confectionnée en coton satiné blanc, elle présente un motif floral subtil qui ajoute une touche de raffinement. La fermeture latérale par bouton souligne un savoir-faire soigné, typique de la maison.Le coton satiné offre une sensation douce et agréable au toucher, idéale pour un port quotidien. Cette jupe s'associe parfaitement avec un chemisier léger ou un pull en maille pour une allure intemporelle.

Circa 1980s-1990s

Fabriqué en France

Taille : FR 38 / M

Mesures (à plat) : Tour de taille 33 cm · Hanches 45 cm · Longueur 52 cm

Matière : coton

Condition report : Le blanc a légèrement jauni avec le temps, nécessitant un blanchiment pour raviver son éclat d'origine.

En raison de son caractère vintage, il peut présenter de très légères traces du temps, sans impact esthétique notable et imperceptibles une fois porté.

Explorez la boutique pour découvrir d’autres pièces soigneusement sélectionnées dans le même esprit.","Saia lápis autêntica Yves Saint Laurent, uma peça vintage que se distingue pelo corte justo e pela silhueta elegante.

Confecionada em algodão acetinado branco, apresenta um subtil padrão floral que acrescenta refinamento. O fecho lateral por botão evidencia um acabamento cuidado, típico da maison. O algodão acetinado tem um toque suave e agradável, ideal para uso diário. Combina perfeitamente com uma blusa leve ou uma camisola de malha para um visual intemporal.

Cerca de 1980-1990

Fabricada em França

Tamanho: FR 38 / M

Medidas (em plano): cintura 33 cm · ancas 45 cm · comprimento 52 cm

Material: algodão

Estado: o branco amareleceu ligeiramente com o tempo e necessita de branqueamento para recuperar o brilho original.

Por se tratar de uma peça vintage, pode apresentar marcas muito ligeiras do tempo, sem impacto estético significativo e impercetíveis quando vestida.

Explore a loja para descobrir outras peças cuidadosamente selecionadas no mesmo espírito.","Authentic Yves Saint Laurent pencil skirt, a vintage piece distinguished by its fitted cut and elegant silhouette.

Made from white cotton satin, it features a subtle floral pattern that adds refinement. The side button closure reflects the careful craftsmanship typical of the house. The cotton satin feels soft and pleasant, ideal for everyday wear. It pairs perfectly with a lightweight blouse or knit sweater for a timeless look.

Circa 1980s-1990s

Made in France

Size: FR 38 / M

Measurements (laid flat): waist 33 cm · hips 45 cm · length 52 cm

Material: cotton

Condition report: the white has yellowed slightly over time and would need whitening to restore its original brightness.

Due to its vintage nature, it may show very slight signs of age, with no significant aesthetic impact and imperceptible when worn.

Explore the shop to discover other carefully selected pieces in the same spirit.","Auténtica falda lápiz Yves Saint Laurent, una pieza vintage que destaca por su corte ajustado y silueta elegante.

Confeccionada en algodón satinado blanco, presenta un sutil estampado floral que aporta refinamiento. El cierre lateral con botón refleja el cuidado savoir-faire típico de la maison. El algodón satinado tiene un tacto suave y agradable, ideal para el uso diario. Combina perfectamente con una blusa ligera o un jersey de punto para un look atemporal.

Circa años 1980-1990

Fabricada en Francia

Talla: FR 38 / M

Medidas (en plano): cintura 33 cm · caderas 45 cm · largo 52 cm

Material: algodón

Estado: el blanco ha amarilleado ligeramente con el tiempo y necesita blanqueamiento para recuperar su brillo original.

Por su carácter vintage, puede presentar huellas muy leves del paso del tiempo, sin impacto estético notable e imperceptibles una vez puesta.

Explora la tienda para descubrir otras piezas cuidadosamente seleccionadas con el mismo espíritu.","Authentique jupe crayon Yves Saint Laurent, cette pièce vintage se distingue par sa coupe ajustée et sa silhouette élégante.

Confectionnée en coton satiné blanc, elle présente un motif floral subtil qui ajoute une touche de raffinement. La fermeture latérale par bouton souligne un savoir-faire soigné, typique de la maison. Le coton satiné offre une sensation douce et agréable au toucher, idéale pour un port quotidien. Cette jupe s'associe parfaitement avec un chemisier léger ou un pull en maille pour une allure intemporelle.

Circa 1980s-1990s

Fabriquée en France

Taille : FR 38 / M

Mesures (à plat) : tour de taille 33 cm · hanches 45 cm · longueur 52 cm

Matière : coton

Condition report : le blanc a légèrement jauni avec le temps, nécessitant un blanchiment pour raviver son éclat d'origine.

En raison de son caractère vintage, elle peut présenter de très légères traces du temps, sans impact esthétique notable et imperceptibles une fois portée.

Explorez la boutique pour découvrir d’autres pièces soigneusement sélectionnées dans le même esprit.",https://www.vinted.pt/items/9732163610,5,vinted_export/images/9732163610/01.webp | vinted_export/images/9732163610/02.webp | vinted_export/images/9732163610/03.webp | vinted_export/images/9732163610/04.webp | vinted_export/images/9732163610/05.webp,pt.bidnow@gmail.com,collectibles,Fashion,Used - Excellent,best-offer,30 days,flat-rate,15,no-returns,Lisboa,PT
9731434632,Jupe crayon Yves Saint Laurent en lin écru vintage authentique,65,EUR,"Authentique jupe crayon Yves Saint Laurent Rive Gauche, cette pièce incarne l'élégance intemporelle avec sa coupe ajustée et sa silhouette épurée. 

Confectionnée en lin écru, elle présente une fermeture discrète sur le côté avec un bouton délicat. Les finitions soignées témoignent du savoir-faire exceptionnel de la maison.
La texture légère du lin offre un tombé fluide, idéal pour les journées estivales. À associer avec un chemisier en soie pour une allure raffinée ou un t-shirt basique pour un style plus décontracté.

Circa 1980s-1990s

Fabriqué en France

Taille : FR 36 - 38 / S

Mesures (à plat) : Tour de taille 33 cm · Hanches 47 cm · Longueur 55 cm

Matière : lin

Condition report : En très bon état général, cette jupe a été soigneusement préservée pour conserver toute sa splendeur d'origine.

En raison de son caractère vintage, il peut présenter de très légères traces du temps, sans impact esthétique notable et imperceptibles une fois porté.

Explorez la boutique pour découvrir d’autres pièces soigneusement sélectionnées dans le même esprit.","Saia lápis autêntica Yves Saint Laurent Rive Gauche, uma peça que personifica a elegância intemporal com o seu corte justo e silhueta depurada.

Confecionada em linho cru, apresenta um fecho discreto na lateral com um botão delicado. Os acabamentos cuidados testemunham o savoir-faire excecional da maison. A textura leve do linho oferece um cair fluido, ideal para dias de verão. Combine com uma blusa de seda para um visual refinado ou com uma t-shirt básica para um estilo mais descontraído.

Cerca de 1980-1990

Fabricada em França

Tamanho: FR 36-38 / S

Medidas (em plano): cintura 33 cm · ancas 47 cm · comprimento 55 cm

Material: linho

Estado: muito bom estado geral; foi cuidadosamente preservada para manter todo o seu esplendor original.

Por se tratar de uma peça vintage, pode apresentar marcas muito ligeiras do tempo, sem impacto estético significativo e impercetíveis quando vestida.

Explore a loja para descobrir outras peças cuidadosamente selecionadas no mesmo espírito.","Authentic Yves Saint Laurent Rive Gauche pencil skirt embodying timeless elegance with its fitted cut and clean silhouette.

Made from ecru linen, it features a discreet side closure with a delicate button. The careful finishing showcases the house’s exceptional craftsmanship. The lightweight linen has a fluid drape, ideal for summer days. Pair it with a silk blouse for a refined look or a basic T-shirt for a more relaxed style.

Circa 1980s-1990s

Made in France

Size: FR 36-38 / S

Measurements (laid flat): waist 33 cm · hips 47 cm · length 55 cm

Material: linen

Condition report: very good overall condition; the skirt has been carefully preserved to retain its original splendor.

Due to its vintage nature, it may show very slight signs of age, with no significant aesthetic impact and imperceptible when worn.

Explore the shop to discover other carefully selected pieces in the same spirit.","Auténtica falda lápiz Yves Saint Laurent Rive Gauche, una pieza que encarna la elegancia atemporal con su corte ajustado y silueta depurada.

Confeccionada en lino crudo, presenta un cierre discreto en el lateral con un delicado botón. Los acabados cuidados reflejan el savoir-faire excepcional de la maison. La textura ligera del lino ofrece una caída fluida, ideal para los días de verano. Combínala con una blusa de seda para un look refinado o con una camiseta básica para un estilo más relajado.

Circa años 1980-1990

Fabricada en Francia

Talla: FR 36-38 / S

Medidas (en plano): cintura 33 cm · caderas 47 cm · largo 55 cm

Material: lino

Estado: muy buen estado general; ha sido cuidadosamente conservada para mantener todo su esplendor original.

Por su carácter vintage, puede presentar huellas muy leves del paso del tiempo, sin impacto estético notable e imperceptibles una vez puesta.

Explora la tienda para descubrir otras piezas cuidadosamente seleccionadas con el mismo espíritu.","Authentique jupe crayon Yves Saint Laurent Rive Gauche, cette pièce incarne l'élégance intemporelle avec sa coupe ajustée et sa silhouette épurée.

Confectionnée en lin écru, elle présente une fermeture discrète sur le côté avec un bouton délicat. Les finitions soignées témoignent du savoir-faire exceptionnel de la maison. La texture légère du lin offre un tombé fluide, idéal pour les journées estivales. À associer avec un chemisier en soie pour une allure raffinée ou un t-shirt basique pour un style plus décontracté.

Circa 1980s-1990s

Fabriquée en France

Taille : FR 36-38 / S

Mesures (à plat) : tour de taille 33 cm · hanches 47 cm · longueur 55 cm

Matière : lin

Condition report : en très bon état général, cette jupe a été soigneusement préservée pour conserver toute sa splendeur d'origine.

En raison de son caractère vintage, elle peut présenter de très légères traces du temps, sans impact esthétique notable et imperceptibles une fois portée.

Explorez la boutique pour découvrir d’autres pièces soigneusement sélectionnées dans le même esprit.",https://www.vinted.pt/items/9731434632,5,vinted_export/images/9731434632/01.webp | vinted_export/images/9731434632/02.webp | vinted_export/images/9731434632/03.webp | vinted_export/images/9731434632/04.webp | vinted_export/images/9731434632/05.webp,pt.bidnow@gmail.com,collectibles,Fashion,Used - Excellent,best-offer,30 days,flat-rate,15,no-returns,Lisboa,PT
9707453541,Jupe crayon Yves Saint Laurent en coton abricot vintage authentique,60,EUR,"Authentique jupe crayon Yves Saint Laurent, cette pièce intemporelle arbore une coupe ajustée qui sublime la silhouette. Confectionnée dans un coton denim de couleur abricot, elle se distingue par sa simplicité élégante et ses finitions soignées. Un modèle qui incarne le savoir-faire et l'allure raffinée de la maison.

Le coton denim offre un tombé structuré et agréable au toucher, parfait pour être associé à une blouse fluide ou un pull en maille. Idéale pour une allure chic au quotidien.

Circa 1980s-1990s

Fabriqué en France

Taille : FR 38 / M

Mesures (à plat) : Tour de taille 35 cm · Hanches 48 cm · Longueur 55 cm

Matière : coton

Condition report : La jupe est en très bon état général avec une micro tache discrète.

En raison de son caractère vintage, il peut présenter de très légères traces du temps, sans impact esthétique notable et imperceptibles une fois porté.

Découvrez d’autres pièces de la maison.","Saia lápis autêntica Yves Saint Laurent, uma peça intemporal com corte justo que valoriza a silhueta. Confecionada em denim de algodão cor damasco, distingue-se pela simplicidade elegante e pelos acabamentos cuidados. Um modelo que encarna o savoir-faire e a estética refinada da maison.

O denim de algodão oferece um cair estruturado e um toque agradável, perfeito com uma blusa fluida ou uma camisola de malha. Ideal para um visual elegante no dia a dia.

Cerca de 1980-1990

Fabricada em França

Tamanho: FR 38 / M

Medidas (em plano): cintura 35 cm · ancas 48 cm · comprimento 55 cm

Material: algodão

Estado: muito bom estado geral, com uma micro-mancha discreta.

Por se tratar de uma peça vintage, pode apresentar marcas muito ligeiras do tempo, sem impacto estético significativo e impercetíveis quando vestida.

Descubra outras peças da maison.","Authentic Yves Saint Laurent pencil skirt, a timeless piece with a fitted cut that flatters the silhouette. Made from apricot-colored cotton denim, it stands out for its elegant simplicity and careful finishing. A design that embodies the house’s craftsmanship and refined aesthetic.

The cotton denim provides a structured drape and pleasant feel, perfect with a fluid blouse or knit sweater. Ideal for an elegant everyday look.

Circa 1980s-1990s

Made in France

Size: FR 38 / M

Measurements (laid flat): waist 35 cm · hips 48 cm · length 55 cm

Material: cotton

Condition report: very good overall condition with one discreet micro-stain.

Due to its vintage nature, it may show very slight signs of age, with no significant aesthetic impact and imperceptible when worn.

Discover other pieces from the house.","Auténtica falda lápiz Yves Saint Laurent, una pieza atemporal con corte ajustado que realza la silueta. Confeccionada en denim de algodón color albaricoque, destaca por su sencillez elegante y acabados cuidados. Un modelo que encarna el savoir-faire y la estética refinada de la maison.

El denim de algodón ofrece una caída estructurada y un tacto agradable, perfecto con una blusa fluida o un jersey de punto. Ideal para un look chic de diario.

Circa años 1980-1990

Fabricada en Francia

Talla: FR 38 / M

Medidas (en plano): cintura 35 cm · caderas 48 cm · largo 55 cm

Material: algodón

Estado: muy buen estado general con una micro-mancha discreta.

Por su carácter vintage, puede presentar huellas muy leves del paso del tiempo, sin impacto estético notable e imperceptibles una vez puesta.

Descubre otras piezas de la maison.","Authentique jupe crayon Yves Saint Laurent, cette pièce intemporelle arbore une coupe ajustée qui sublime la silhouette. Confectionnée dans un coton denim de couleur abricot, elle se distingue par sa simplicité élégante et ses finitions soignées. Un modèle qui incarne le savoir-faire et l'allure raffinée de la maison.

Le coton denim offre un tombé structuré et agréable au toucher, parfait pour être associé à une blouse fluide ou un pull en maille. Idéale pour une allure chic au quotidien.

Circa 1980s-1990s

Fabriquée en France

Taille : FR 38 / M

Mesures (à plat) : tour de taille 35 cm · hanches 48 cm · longueur 55 cm

Matière : coton

Condition report : la jupe est en très bon état général avec une micro-tache discrète.

En raison de son caractère vintage, elle peut présenter de très légères traces du temps, sans impact esthétique notable et imperceptibles une fois portée.

Découvrez d’autres pièces de la maison.",https://www.vinted.pt/items/9707453541,5,vinted_export/images/9707453541/01.webp | vinted_export/images/9707453541/02.webp | vinted_export/images/9707453541/03.webp | vinted_export/images/9707453541/04.webp | vinted_export/images/9707453541/05.webp,pt.bidnow@gmail.com,collectibles,Fashion,Used - Excellent,best-offer,30 days,flat-rate,15,no-returns,Lisboa,PT
9926684023,Lunettes de soleil  yves saint Laurent ysl,120,EUR,Lunettes Ysl véridique acheté chez un opticien,"Óculos YSL autênticos, comprados numa ótica.","Authentic YSL glasses, purchased from an optician.","Gafas YSL auténticas, compradas en una óptica.","Lunettes YSL authentiques, achetées chez un opticien.",https://www.vinted.pt/items/9926684023-lunettes-de-soleil-yves-saint-laurent-ysl,5,vinted_export/images/9926684023/01.webp | vinted_export/images/9926684023/02.webp | vinted_export/images/9926684023/03.webp | vinted_export/images/9926684023/04.webp | vinted_export/images/9926684023/05.webp,pt.bidnow@gmail.com,collectibles,Fashion,Used - Excellent,best-offer,30 days,flat-rate,15,no-returns,Lisboa,PT
9931830018,Primer YSL,15,EUR,Primer iluminador e hidratante de YSL,Primer iluminador e hidratante da YSL.,YSL illuminating and moisturizing primer.,Primer iluminador e hidratante de YSL.,Primer illuminateur et hydratant YSL.,https://www.vinted.pt/items/9931830018-primer-ysl,5,vinted_export/images/9931830018/01.webp | vinted_export/images/9931830018/02.webp | vinted_export/images/9931830018/03.webp | vinted_export/images/9931830018/04.webp | vinted_export/images/9931830018/05.webp,pt.bidnow@gmail.com,collectibles,Fashion,Used - Excellent,best-offer,30 days,flat-rate,15,no-returns,Lisboa,PT
9942152964,Parfum coeur collection vestiaires Ysl,115,EUR,"Parfum coeur vestiaires collection 
Nouveau parfum 
Yves saint laurent 
35 ML 
Prix de vente boutique 162€","Perfume da coleção Le Vestiaire des Parfums.
Perfume novo.
Yves Saint Laurent.
35 ml.
Preço de venda em loja: 162 €.","Perfume from the Le Vestiaire des Parfums collection.
New fragrance.
Yves Saint Laurent.
35 ml.
Retail price: €162.","Perfume de la colección Le Vestiaire des Parfums.
Perfume nuevo.
Yves Saint Laurent.
35 ml.
Precio de venta en tienda: 162 €.","Parfum de la collection Le Vestiaire des Parfums.
Parfum neuf.
Yves Saint Laurent.
35 ml.
Prix de vente en boutique : 162 €.",https://www.vinted.pt/items/9942152964-parfum-coeur-collection-vestiaires-ysl,5,vinted_export/images/9942152964/01.webp | vinted_export/images/9942152964/02.webp | vinted_export/images/9942152964/03.webp | vinted_export/images/9942152964/04.webp | vinted_export/images/9942152964/05.webp,pt.bidnow@gmail.com,collectibles,Fashion,Used - Excellent,best-offer,30 days,flat-rate,15,no-returns,Lisboa,PT
9936202437,Blush YSL rose neuf,25,EUR,"•Prix en magasin : 55€
•Blush Rose à paillettes Neuf ! 
🌸🌸🌸","• Preço em loja: 55 €
• Blush rosa com brilhantes, novo!
🌸🌸🌸","• Retail price: €55
• New pink glitter blush!
🌸🌸🌸","• Precio en tienda: 55 €
• ¡Blush rosa con purpurina, nuevo!
🌸🌸🌸","• Prix en magasin : 55 €
• Blush rose à paillettes, neuf !
🌸🌸🌸",https://www.vinted.pt/items/9936202437-blush-ysl-rose-neuf,5,vinted_export/images/9936202437/01.webp | vinted_export/images/9936202437/02.webp | vinted_export/images/9936202437/03.webp | vinted_export/images/9936202437/04.webp | vinted_export/images/9936202437/05.webp,pt.bidnow@gmail.com,collectibles,Fashion,Used - Excellent,best-offer,30 days,flat-rate,15,no-returns,Lisboa,PT
9947495080,Montre Yves saint Laurent cadran bleu - vintage année 90,105,EUR,"Jolie montre Yves saint avec rare cadran bleu 
Légère rats ure sur le verre 
📏 dimensions : 23mm
📏Tour de poignet :15cm
Mouvement quartz 
✅ fonctionne parfaitement 
📦 envoie rapide 
N’hésitez pas à faire un tour sur mon profil pour trouver d’autre montres intéressante
Si vous avez des question je suis disponible pour y répondre 


#watch #montre #orologio #reloj #vintagewatch","Bonito relógio Yves Saint Laurent com raro mostrador azul.
Ligeiro risco no vidro.
📏 Dimensões: 23 mm
📏 Pulso: 15 cm
Movimento de quartzo.
✅ Funciona perfeitamente.
📦 Envio rápido.
Veja o meu perfil para encontrar outros relógios interessantes.
Se tiver alguma questão, estou disponível para responder.

#watch #montre #orologio #reloj #vintagewatch","Beautiful Yves Saint Laurent watch with a rare blue dial.
Light scratch on the glass.
📏 Dimensions: 23 mm
📏 Wrist circumference: 15 cm
Quartz movement.
✅ Works perfectly.
📦 Fast shipping.
Feel free to browse my profile for other interesting watches.
If you have any questions, I’m available to answer them.

#watch #montre #orologio #reloj #vintagewatch","Bonito reloj Yves Saint Laurent con raro dial azul.
Ligero arañazo en el cristal.
📏 Dimensiones: 23 mm
📏 Contorno de muñeca: 15 cm
Movimiento de cuarzo.
✅ Funciona perfectamente.
📦 Envío rápido.
No dudes en visitar mi perfil para encontrar otros relojes interesantes.
Si tienes alguna pregunta, estoy disponible para responder.

#watch #montre #orologio #reloj #vintagewatch","Jolie montre Yves Saint Laurent avec rare cadran bleu.
Légère rayure sur le verre.
📏 Dimensions : 23 mm
📏 Tour de poignet : 15 cm
Mouvement quartz.
✅ Fonctionne parfaitement.
📦 Envoi rapide.
N’hésitez pas à faire un tour sur mon profil pour trouver d’autres montres intéressantes.
Si vous avez des questions, je suis disponible pour y répondre.

#watch #montre #orologio #reloj #vintagewatch",https://www.vinted.pt/items/9947495080-montre-yves-saint-laurent-cadran-bleu-vintage-annee-90,5,vinted_export/images/9947495080/01.webp | vinted_export/images/9947495080/02.webp | vinted_export/images/9947495080/03.webp | vinted_export/images/9947495080/04.webp | vinted_export/images/9947495080/05.webp,pt.bidnow@gmail.com,collectibles,Fashion,Used - Excellent,best-offer,30 days,flat-rate,15,no-returns,Lisboa,PT
9944123043,Bolsa tote Saint Laurent YSL,24,EUR,"Bolsa de algodón cepillado de Ysl 

Regalo de la tienda. Sin estrenar 

Medidas 30x34

#saintlauren #ysl #saintlaurentbag #totebag","Saco de algodão escovado YSL.

Oferta da loja. Nunca usado.

Medidas: 30 x 34 cm.

#saintlauren #ysl #saintlaurentbag #totebag","YSL brushed-cotton bag.

Store gift. Never used.

Measurements: 30 x 34 cm.

#saintlauren #ysl #saintlaurentbag #totebag","Bolsa de algodón cepillado de YSL.

Regalo de la tienda. Sin estrenar.

Medidas: 30 x 34 cm.

#saintlauren #ysl #saintlaurentbag #totebag","Sac en coton brossé YSL.

Cadeau de la boutique. Jamais utilisé.

Dimensions : 30 x 34 cm.

#saintlauren #ysl #saintlaurentbag #totebag",https://www.vinted.pt/items/9944123043-bolsa-tote-saint-laurent-ysl,5,vinted_export/images/9944123043/01.webp | vinted_export/images/9944123043/02.webp | vinted_export/images/9944123043/03.webp | vinted_export/images/9944123043/04.webp | vinted_export/images/9944123043/05.webp,pt.bidnow@gmail.com,collectibles,Fashion,Used - Excellent,best-offer,30 days,flat-rate,15,no-returns,Lisboa,PT
9810845683,Tailleur Yves Saint Laurent - Taille 36,199,EUR,"Très beau tailleur jupe YVES SAINT LAURENT
Taille 36
Coton, Bleu, boutons rouges.","Muito bonito fato de saia YVES SAINT LAURENT.
Tamanho 36.
Algodão, azul, botões vermelhos.","Very beautiful YVES SAINT LAURENT skirt suit.
Size 36.
Cotton, blue, red buttons.","Precioso traje de falda YVES SAINT LAURENT.
Talla 36.
Algodón, azul, botones rojos.","Très beau tailleur jupe YVES SAINT LAURENT.
Taille 36.
Coton, bleu, boutons rouges.",https://www.vinted.pt/items/9810845683-tailleur-yves-saint-laurent-taille-36,5,vinted_export/images/9810845683/01.webp | vinted_export/images/9810845683/02.webp | vinted_export/images/9810845683/03.webp | vinted_export/images/9810845683/04.webp | vinted_export/images/9810845683/05.webp,pt.bidnow@gmail.com,collectibles,Fashion,Used - Excellent,best-offer,30 days,flat-rate,15,no-returns,Lisboa,PT
9930297506,YSL Soft glow Cushion Foundation MINI,20,EUR,"Mini size of YSL Skin Affair
Soft glow cushion foundation
Color LC1","Mini tamanho de YSL Skin Affair.
Base cushion Soft Glow.
Cor LC1.","Mini size of YSL Skin Affair.
Soft Glow cushion foundation.
Color LC1.","Mini talla de YSL Skin Affair.
Base cushion Soft Glow.
Color LC1.","Mini format YSL Skin Affair.
Fond de teint cushion Soft Glow.
Teinte LC1.",https://www.vinted.pt/items/9930297506-ysl-soft-glow-cushion-foundation-mini,5,vinted_export/images/9930297506/01.webp | vinted_export/images/9930297506/02.webp | vinted_export/images/9930297506/03.webp | vinted_export/images/9930297506/04.webp | vinted_export/images/9930297506/05.webp,pt.bidnow@gmail.com,collectibles,Fashion,Used - Excellent,best-offer,30 days,flat-rate,15,no-returns,Lisboa,PT
9938826698,YSL New Era Saint Laurent cap black limited edition,125,EUR,YSL New Era Saint Laurent cap black limited edition,"Boné preto YSL New Era Saint Laurent, edição limitada.","YSL New Era Saint Laurent black cap, limited edition.","Gorra negra YSL New Era Saint Laurent, edición limitada.","Casquette noire YSL New Era Saint Laurent, édition limitée.",https://www.vinted.pt/items/9938826698-ysl-new-era-saint-laurent-cap-black-limited-edition,5,vinted_export/images/9938826698/01.webp | vinted_export/images/9938826698/02.webp | vinted_export/images/9938826698/03.webp | vinted_export/images/9938826698/04.webp | vinted_export/images/9938826698/05.webp,pt.bidnow@gmail.com,collectibles,Fashion,Used - Excellent,best-offer,30 days,flat-rate,15,no-returns,Lisboa,PT
9944523825,Gonna in nappa YSL Rive Gauce,130,EUR,"Meravigliosa gonna in nappa verde bottiglia YSL Rive Gauche. Etichetta taglia rimossa, misure: girovita 71cm, lunghezza 54cm

Tubino con punto vita e poi dritto, pezzo vintage introvabile.
Usata ma in ottime condizioni, con unico difetto, una fodera interna di una tasca scucita. Non visibile da indossata e facilmente sistemabile ( ved foto)","Magnífica saia em napa verde-garrafa YSL Rive Gauche. Etiqueta de tamanho removida; medidas: cintura 71 cm, comprimento 54 cm.

Modelo lápis, marcado na cintura e depois direito, uma peça vintage muito rara.
Usada, mas em ótimo estado, com um único defeito: o forro interior de um bolso está descosido. Não é visível quando vestida e é fácil de reparar (ver foto).","Beautiful YSL Rive Gauche bottle-green nappa leather skirt. Size label removed; measurements: waist 71 cm, length 54 cm.

Pencil shape, fitted at the waist and straight below; a very rare vintage piece.
Used but in excellent condition, with one flaw: the inner lining of one pocket is unstitched. It is not visible when worn and is easy to repair (see photo).","Preciosa falda de napa verde botella YSL Rive Gauche. Etiqueta de talla retirada; medidas: cintura 71 cm, largo 54 cm.

Corte lápiz, entallado en la cintura y recto después; una pieza vintage muy difícil de encontrar.
Usada pero en excelente estado, con un único defecto: el forro interior de un bolsillo está descosido. No se ve al llevarla y es fácil de arreglar (ver foto).","Magnifique jupe en cuir nappa vert bouteille YSL Rive Gauche. Étiquette de taille retirée ; mesures : tour de taille 71 cm, longueur 54 cm.

Coupe crayon, marquée à la taille puis droite ; une pièce vintage très rare.
Portée mais en excellent état, avec un seul défaut : la doublure intérieure d’une poche est décousue. Cela ne se voit pas portée et se répare facilement (voir photo).",https://www.vinted.pt/items/9944523825-gonna-in-nappa-ysl-rive-gauce,5,vinted_export/images/9944523825/01.webp | vinted_export/images/9944523825/02.webp | vinted_export/images/9944523825/03.webp | vinted_export/images/9944523825/04.webp | vinted_export/images/9944523825/05.webp,pt.bidnow@gmail.com,collectibles,Fashion,Used - Excellent,best-offer,30 days,flat-rate,15,no-returns,Lisboa,PT
9950121062,Pochette Yves saint Laurent,15,EUR,"Pochette 
Trousse à maquillage 
Neuve","Pochette / bolsa de maquilhagem.
Nova.","Pouch / makeup bag.
New.","Neceser / bolsa de maquillaje.
Nuevo.","Pochette / trousse à maquillage.
Neuve.",https://www.vinted.pt/items/9950121062-pochette-yves-saint-laurent,5,vinted_export/images/9950121062/01.webp | vinted_export/images/9950121062/02.webp | vinted_export/images/9950121062/03.webp | vinted_export/images/9950121062/04.webp | vinted_export/images/9950121062/05.webp,pt.bidnow@gmail.com,collectibles,Fashion,Used - Excellent,best-offer,30 days,flat-rate,15,no-returns,Lisboa,PT
9947141826,Sac à main yves saint laurent noir,485,EUR,"Sac en cuir yves saint laurent
Boîte légèrement abîmé 
Pour Toute question je suis disponible","Mala em pele Yves Saint Laurent.
Caixa ligeiramente danificada.
Estou disponível para qualquer questão.","Yves Saint Laurent leather bag.
Box slightly damaged.
I’m available for any questions.","Bolso de piel Yves Saint Laurent.
Caja ligeramente dañada.
Estoy disponible para cualquier pregunta.","Sac en cuir Yves Saint Laurent.
Boîte légèrement abîmée.
Je suis disponible pour toute question.",https://www.vinted.pt/items/9947141826-sac-a-main-yves-saint-laurent-noir,5,vinted_export/images/9947141826/01.webp | vinted_export/images/9947141826/02.webp | vinted_export/images/9947141826/03.webp | vinted_export/images/9947141826/04.webp | vinted_export/images/9947141826/05.webp,pt.bidnow@gmail.com,collectibles,Fashion,Used - Excellent,best-offer,30 days,flat-rate,15,no-returns,Lisboa,PT
9933675386,Rouge à lèvres YSL,17,EUR,"Teinte 13

30€ à l’achat de 2","Tom 13.

30 € na compra de 2.","Shade 13.

€30 when purchasing 2.","Tono 13.

30 € al comprar 2.","Teinte 13.

30 € à l’achat de 2.",https://www.vinted.pt/items/9933675386-rouge-a-levres-ysl,5,vinted_export/images/9933675386/01.webp | vinted_export/images/9933675386/02.webp | vinted_export/images/9933675386/03.webp | vinted_export/images/9933675386/04.webp | vinted_export/images/9933675386/05.webp,pt.bidnow@gmail.com,collectibles,Fashion,Used - Excellent,best-offer,30 days,flat-rate,15,no-returns,Lisboa,PT
9949822874,Parfum femme yves saint laurent 90 ml (nouvelle collection),120,EUR,"Parfum Black opium nouvelle collection neuf avec ça boîte 90 ml 
#parfume #femme #blakopium #yvessaintlaurent","Perfume Black Opium da nova coleção, novo com caixa, 90 ml.
#parfume #femme #blakopium #yvessaintlaurent","Black Opium perfume from the new collection, new with box, 90 ml.
#parfume #femme #blakopium #yvessaintlaurent","Perfume Black Opium de la nueva colección, nuevo con caja, 90 ml.
#parfume #femme #blakopium #yvessaintlaurent","Parfum Black Opium nouvelle collection, neuf avec sa boîte, 90 ml.
#parfume #femme #blakopium #yvessaintlaurent",https://www.vinted.pt/items/9949822874-parfum-femme-yves-saint-laurent-90-ml-nouvelle-collection,5,vinted_export/images/9949822874/01.webp | vinted_export/images/9949822874/02.webp | vinted_export/images/9949822874/03.webp | vinted_export/images/9949822874/04.webp | vinted_export/images/9949822874/05.webp,pt.bidnow@gmail.com,collectibles,Fashion,Used - Excellent,best-offer,30 days,flat-rate,15,no-returns,Lisboa,PT
9941368132,YSL pinta labios,15,EUR,"YSL
Pinta labios","YSL
Batom.","YSL
Lipstick.","YSL
Pintalabios.","YSL
Rouge à lèvres.",https://www.vinted.pt/items/9941368132-ysl-pinta-labios,5,vinted_export/images/9941368132/01.webp | vinted_export/images/9941368132/02.webp | vinted_export/images/9941368132/03.webp | vinted_export/images/9941368132/04.webp | vinted_export/images/9941368132/05.webp,pt.bidnow@gmail.com,collectibles,Fashion,Used - Excellent,best-offer,30 days,flat-rate,15,no-returns,Lisboa,PT
9936463555,Sac bandoulière effet croco,27,EUR,"Orné du logo YSL emblématique sur le rabat à l'avant.
​Attaches, fermoir aimanté et bandoulière chaîne en métal vieilli/canon de fusil.
​Intérieur doublé en simili cuir bordeaux avec plusieurs compartiments de rangement et une petite poche chaîne décorative.
​Porté : À l'épaule ou en bandoulière grâce à sa chaîne réglable/ajustable.","Decorada com o icónico logótipo YSL na aba frontal.
Ferragens, fecho magnético e alça de corrente em metal envelhecido/cor gunmetal.
Interior forrado em imitação de pele bordô, com vários compartimentos e um pequeno bolso decorativo com corrente.
Pode ser usada ao ombro ou a tiracolo graças à corrente regulável.","Decorated with the iconic YSL logo on the front flap.
Hardware, magnetic clasp and chain strap in aged/gunmetal-tone metal.
Burgundy faux-leather-lined interior with several storage compartments and a small decorative chain pocket.
Can be worn on the shoulder or crossbody thanks to the adjustable chain.","Decorado con el icónico logotipo YSL en la solapa delantera.
Herrajes, cierre magnético y correa de cadena en metal envejecido/color gunmetal.
Interior forrado en símil piel burdeos con varios compartimentos y un pequeño bolsillo decorativo con cadena.
Puede llevarse al hombro o cruzado gracias a la cadena ajustable.","Orné du logo YSL emblématique sur le rabat à l'avant.
Attaches, fermoir aimanté et bandoulière chaîne en métal vieilli/canon de fusil.
Intérieur doublé en simili cuir bordeaux avec plusieurs compartiments de rangement et une petite poche chaîne décorative.
Porté à l'épaule ou en bandoulière grâce à sa chaîne réglable/ajustable.",https://www.vinted.pt/items/9936463555-sac-bandouliere-effet-croco,5,vinted_export/images/9936463555/01.webp | vinted_export/images/9936463555/02.webp | vinted_export/images/9936463555/03.webp | vinted_export/images/9936463555/04.webp | vinted_export/images/9936463555/05.webp,pt.bidnow@gmail.com,collectibles,Fashion,Used - Excellent,best-offer,30 days,flat-rate,15,no-returns,Lisboa,PT
9945779902,Palette fard à paupière YSL beauty,35,EUR,"Neuf 
Palette YSL","Nova.
Paleta YSL.","New.
YSL palette.","Nueva.
Paleta YSL.","Neuve.
Palette YSL.",https://www.vinted.pt/items/9945779902-palette-fard-a-paupiere-ysl-beauty,5,vinted_export/images/9945779902/01.webp | vinted_export/images/9945779902/02.webp | vinted_export/images/9945779902/03.webp | vinted_export/images/9945779902/04.webp | vinted_export/images/9945779902/05.webp,pt.bidnow@gmail.com,collectibles,Fashion,Used - Excellent,best-offer,30 days,flat-rate,15,no-returns,Lisboa,PT
9950867888,"Robe en viscose noir, taille L, Yves Saint Laurent vintage",225,EUR,"ROBE en crêpe viscose noir, décolleté en pointe souligné d'une chaîne en métal argenté, emmanchures basses, jupe droite, taille 40, YVES SAINT LAURENT

Vintage, vers 2004-2008. Par Stefano Pilati.

Excellent état.

Mesures : carrure = 44 cms, longueur = 104 cms, largeur poitrine = 52 cms, largeur taille = 39 cms

Correspondance taille : taille normalement = 44 it = L international.

Suggestion Business Style : Très sobre et chic. Ne pas mettre de bijou, le décolleté en est un.

#businessstyle_robe
#businessstyleL
#businessstyle_YvesSaintLaurent
#businessstyle_vintage","VESTIDO em crepe de viscose preto, decote em V realçado por uma corrente de metal prateado, cavas baixas, saia direita, tamanho 40, YVES SAINT LAURENT.

Vintage, cerca de 2004-2008. Por Stefano Pilati.

Excelente estado.

Medidas: ombros = 44 cm, comprimento = 104 cm, largura do peito = 52 cm, largura da cintura = 39 cm.

Correspondência de tamanho: veste normalmente = 44 IT = L internacional.

Sugestão Business Style: muito sóbrio e elegante. Não usar joias; o decote já é uma joia.

#businessstyle_robe
#businessstyleL
#businessstyle_YvesSaintLaurent
#businessstyle_vintage","DRESS in black viscose crepe, V-neck highlighted by a silver-tone metal chain, low armholes, straight skirt, size 40, YVES SAINT LAURENT.

Vintage, circa 2004-2008. By Stefano Pilati.

Excellent condition.

Measurements: shoulders = 44 cm, length = 104 cm, chest width = 52 cm, waist width = 39 cm.

Size correspondence: normally fits IT 44 = international L.

Business Style suggestion: very understated and chic. No jewelry needed; the neckline is jewelry in itself.

#businessstyle_robe
#businessstyleL
#businessstyle_YvesSaintLaurent
#businessstyle_vintage","VESTIDO de crepé de viscosa negro, escote en V realzado por una cadena de metal plateado, sisas bajas, falda recta, talla 40, YVES SAINT LAURENT.

Vintage, aproximadamente 2004-2008. Por Stefano Pilati.

Excelente estado.

Medidas: hombros = 44 cm, largo = 104 cm, ancho de pecho = 52 cm, ancho de cintura = 39 cm.

Equivalencia de talla: talla normalmente = 44 IT = L internacional.

Sugerencia Business Style: muy sobrio y chic. No llevar joyas; el escote ya es una joya.

#businessstyle_robe
#businessstyleL
#businessstyle_YvesSaintLaurent
#businessstyle_vintage","ROBE en crêpe viscose noir, décolleté en pointe souligné d'une chaîne en métal argenté, emmanchures basses, jupe droite, taille 40, YVES SAINT LAURENT.

Vintage, vers 2004-2008. Par Stefano Pilati.

Excellent état.

Mesures : carrure = 44 cm, longueur = 104 cm, largeur poitrine = 52 cm, largeur taille = 39 cm.

Correspondance taille : taille normalement = 44 IT = L international.

Suggestion Business Style : très sobre et chic. Ne pas mettre de bijou, le décolleté en est un.

#businessstyle_robe
#businessstyleL
#businessstyle_YvesSaintLaurent
#businessstyle_vintage",https://www.vinted.pt/items/9950867888-robe-en-viscose-noir-taille-l-yves-saint-laurent-vintage,5,vinted_export/images/9950867888/01.webp | vinted_export/images/9950867888/02.webp | vinted_export/images/9950867888/03.webp | vinted_export/images/9950867888/04.webp | vinted_export/images/9950867888/05.webp,pt.bidnow@gmail.com,collectibles,Fashion,Used - Excellent,best-offer,30 days,flat-rate,15,no-returns,Lisboa,PT
9950200283,Black opium YSL Eau de toilette 30 mm,30,EUR,"Neuf, sous blister, idéal pour un cadeau, eau de toilette Black Opium de Yves Saint Laurent","Novo, selado, ideal para oferecer: Eau de Toilette Black Opium de Yves Saint Laurent.","New, sealed, ideal as a gift: Yves Saint Laurent Black Opium Eau de Toilette.","Nuevo, precintado, ideal para regalo: Eau de Toilette Black Opium de Yves Saint Laurent.","Neuf, sous blister, idéal pour un cadeau : eau de toilette Black Opium de Yves Saint Laurent.",https://www.vinted.pt/items/9950200283-black-opium-ysl-eau-de-toilette-30-mm,5,vinted_export/images/9950200283/01.webp | vinted_export/images/9950200283/02.webp | vinted_export/images/9950200283/03.webp | vinted_export/images/9950200283/04.webp | vinted_export/images/9950200283/05.webp,pt.bidnow@gmail.com,collectibles,Fashion,Used - Excellent,best-offer,30 days,flat-rate,15,no-returns,Lisboa,PT
9857826799,Occhiali da sole | Saint Laurent,90,EUR,"Occhiali da Sole YSL neri
Prezzo trattabile","Óculos de sol YSL pretos.
Preço negociável.","Black YSL sunglasses.
Price negotiable.","Gafas de sol YSL negras.
Precio negociable.","Lunettes de soleil YSL noires.
Prix négociable.",https://www.vinted.pt/items/9857826799-occhiali-da-sole-saint-laurent,5,vinted_export/images/9857826799/01.webp | vinted_export/images/9857826799/02.webp | vinted_export/images/9857826799/03.webp | vinted_export/images/9857826799/04.webp | vinted_export/images/9857826799/05.webp,pt.bidnow@gmail.com,collectibles,Fashion,Used - Excellent,best-offer,30 days,flat-rate,15,no-returns,Lisboa,PT
9921421968,Yves Saint Laurent Muse Two originale pied-de-poule blu,590,EUR,"Borsa Yves Saint Laurent Muse Two, originale, modello 2011.

Bellissima variante in tessuto pied-de-poule bianco/nero con dettagli blu, finiture in pelle blu e hardware dorato.

La borsa è in ottime condizioni generali, ben conservata sia esternamente sia internamente, con normali lievi segni dovuti al tempo e all’utilizzo.

Completa di:

* cartellini originali Yves Saint Laurent
* documentazione originale
* campione tessuto
* codice modello 229680
* codice interno 229680 527411
* Made in Italy

Interno molto pulito, con tasca con zip e targhetta Yves Saint Laurent.

Modello elegante e particolare, ormai fuori produzione e appartenente alla linea storica Yves Saint Laurent.","Mala Yves Saint Laurent Muse Two, original, modelo de 2011.

Belíssima versão em tecido pied-de-poule preto e branco com detalhes azuis, acabamentos em pele azul e ferragens douradas.

A mala encontra-se em ótimo estado geral, bem conservada por fora e por dentro, com ligeiros sinais normais do tempo e uso.

Inclui:
• etiquetas originais Yves Saint Laurent
• documentação original
• amostra de tecido
• código do modelo 229680
• código interno 229680 527411
• Made in Italy

Interior muito limpo, com bolso de fecho e placa Yves Saint Laurent.

Modelo elegante e distinto, atualmente descontinuado e pertencente à linha histórica Yves Saint Laurent.","Original Yves Saint Laurent Muse Two bag, 2011 model.

Beautiful black-and-white houndstooth fabric version with blue details, blue leather trim and gold-tone hardware.

The bag is in excellent overall condition, well preserved both outside and inside, with normal light signs of age and use.

Includes:
• original Yves Saint Laurent tags
• original documentation
• fabric sample
• model code 229680
• internal code 229680 527411
• Made in Italy

Very clean interior with zipped pocket and Yves Saint Laurent plaque.

Elegant and distinctive model, now discontinued and part of the historic Yves Saint Laurent line.","Bolso Yves Saint Laurent Muse Two original, modelo 2011.

Preciosa versión en tejido pata de gallo blanco y negro con detalles azules, acabados en piel azul y herrajes dorados.

El bolso está en excelente estado general, bien conservado tanto por fuera como por dentro, con leves signos normales del paso del tiempo y del uso.

Incluye:
• etiquetas originales Yves Saint Laurent
• documentación original
• muestra de tejido
• código de modelo 229680
• código interno 229680 527411
• Made in Italy

Interior muy limpio, con bolsillo con cremallera y placa Yves Saint Laurent.

Modelo elegante y especial, actualmente descatalogado y perteneciente a la línea histórica Yves Saint Laurent.","Sac Yves Saint Laurent Muse Two original, modèle 2011.

Très belle variante en tissu pied-de-poule noir et blanc avec détails bleus, finitions en cuir bleu et accastillage doré.

Le sac est en excellent état général, bien conservé à l’extérieur comme à l’intérieur, avec de légers signes normaux liés au temps et à l’utilisation.

Complet avec :
• étiquettes originales Yves Saint Laurent
• documentation originale
• échantillon de tissu
• code modèle 229680
• code interne 229680 527411
• Made in Italy

Intérieur très propre, avec poche zippée et plaque Yves Saint Laurent.

Modèle élégant et particulier, aujourd’hui discontinué et appartenant à la ligne historique Yves Saint Laurent.",https://www.vinted.pt/items/9921421968-yves-saint-laurent-muse-two-originale-pied-de-poule-blu,5,vinted_export/images/9921421968/01.webp | vinted_export/images/9921421968/02.webp | vinted_export/images/9921421968/03.webp | vinted_export/images/9921421968/04.webp | vinted_export/images/9921421968/05.webp,pt.bidnow@gmail.com,collectibles,Fashion,Used - Excellent,best-offer,30 days,flat-rate,15,no-returns,Lisboa,PT
9940658050,Parfum babycat Yves saint Laurent,125,EUR,Parfum babycat Yves saint Laurent tout neuf,Perfume Babycat Yves Saint Laurent completamente novo.,Brand-new Yves Saint Laurent Babycat perfume.,Perfume Babycat Yves Saint Laurent totalmente nuevo.,Parfum Babycat Yves Saint Laurent tout neuf.,https://www.vinted.pt/items/9940658050-parfum-babycat-yves-saint-laurent,5,vinted_export/images/9940658050/01.webp | vinted_export/images/9940658050/02.webp | vinted_export/images/9940658050/03.webp | vinted_export/images/9940658050/04.webp | vinted_export/images/9940658050/05.webp,pt.bidnow@gmail.com,collectibles,Fashion,Used - Excellent,best-offer,30 days,flat-rate,15,no-returns,Lisboa,PT
9941413686,🖤 Yves Saint Laurent Muse 2 – Noir – Cuir,390,EUR,"Magnifique Saint Laurent Muse 2 en cuir noir, un modèle emblématique de la Maison Yves Saint Laurent. Son design intemporel et ses lignes élégantes en font un sac particulièrement polyvalent, aussi bien pour un usage quotidien que pour une tenue plus habillée.

👜 État : parfait état
Le sac est en parfait état général, sans défaut particulier à signaler.

Caractéristiques :
• Maison : Yves Saint Laurent
• Modèle : Muse 2
• Couleur : noir
• Matière : cuir
• Dimensions : 33 × 43 × 14 cm
• Prix neuf : 2 000 €
• Référence produit : non renseignée
• Pays de fabrication : non renseigné

Accessoires inclus :
• Boîte
• Dustbag
• Certificat Entrupy disponible
• Certificat Vinted

🔎 Authenticité
L’authenticité du sac peut être justifiée par un certificat Entrupy, disponible en privé. Le certificat peut être transmis à l’acheteur le jour même sur demande.

📦 Emballage & expédition
Le sac sera soigneusement protégé et expédié dans sa boîte avec son dustbag afin de garantir une réception dans les meilleures conditions. Expédition rapide et soignée.

✨ Une très belle pièce Yves Saint Laurent, idéale pour les amateurs de maroquinerie de luxe et de modèles iconiques.

#YvesSaintLaurent #SaintLaurent #YSL #Muse2 #YSLMuse2 #SacYSL #SacSaintLaurent #LuxuryBag #DesignerBag #SacDeLuxe #Luxe #VintageLuxury #LeatherBag #BlackBag","Magnífica Saint Laurent Muse 2 em pele preta, um modelo emblemático da Maison Yves Saint Laurent. O design intemporal e as linhas elegantes tornam-na particularmente versátil, tanto para uso diário como para ocasiões mais formais.

👜 Estado: perfeito estado. Sem defeitos específicos a assinalar.

Características:
• Maison: Yves Saint Laurent
• Modelo: Muse 2
• Cor: preto
• Material: pele
• Dimensões: 33 × 43 × 14 cm
• Preço nova: 2 000 €
• Referência do produto: não indicada
• País de fabrico: não indicado

Acessórios incluídos:
• Caixa
• Dust bag
• Certificado Entrupy disponível
• Certificado Vinted

🔎 Autenticidade
A autenticidade pode ser comprovada através de certificado Entrupy, disponível em privado e enviado ao comprador no próprio dia mediante pedido.

📦 Embalagem e envio
A mala será cuidadosamente protegida e enviada na caixa com o dust bag, para garantir receção nas melhores condições. Envio rápido e cuidado.

✨ Uma belíssima peça Yves Saint Laurent, ideal para amantes de marroquinaria de luxo e modelos icónicos.

#YvesSaintLaurent #SaintLaurent #YSL #Muse2 #YSLMuse2 #SacYSL #SacSaintLaurent #LuxuryBag #DesignerBag #SacDeLuxe #Luxe #VintageLuxury #LeatherBag #BlackBag","Magnificent Saint Laurent Muse 2 in black leather, an iconic model from the House of Yves Saint Laurent. Its timeless design and elegant lines make it particularly versatile, both for everyday use and more formal outfits.

👜 Condition: perfect condition. No particular defects to note.

Features:
• House: Yves Saint Laurent
• Model: Muse 2
• Color: black
• Material: leather
• Dimensions: 33 × 43 × 14 cm
• Retail price: €2,000
• Product reference: not provided
• Country of manufacture: not provided

Accessories included:
• Box
• Dust bag
• Entrupy certificate available
• Vinted certificate

🔎 Authenticity
The bag’s authenticity can be supported by an Entrupy certificate, available privately. The certificate can be sent to the buyer the same day upon request.

📦 Packaging & shipping
The bag will be carefully protected and shipped in its box with its dust bag to ensure it arrives in the best possible condition. Fast, careful shipping.

✨ A beautiful Yves Saint Laurent piece, ideal for lovers of luxury leather goods and iconic models.

#YvesSaintLaurent #SaintLaurent #YSL #Muse2 #YSLMuse2 #SacYSL #SacSaintLaurent #LuxuryBag #DesignerBag #SacDeLuxe #Luxe #VintageLuxury #LeatherBag #BlackBag","Magnífico Saint Laurent Muse 2 de piel negra, un modelo emblemático de la Maison Yves Saint Laurent. Su diseño atemporal y sus líneas elegantes lo hacen especialmente versátil, tanto para uso diario como para un conjunto más arreglado.

👜 Estado: perfecto estado. Sin defectos particulares que señalar.

Características:
• Maison: Yves Saint Laurent
• Modelo: Muse 2
• Color: negro
• Material: piel
• Dimensiones: 33 × 43 × 14 cm
• Precio nuevo: 2.000 €
• Referencia de producto: no indicada
• País de fabricación: no indicado

Accesorios incluidos:
• Caja
• Guardapolvo
• Certificado Entrupy disponible
• Certificado Vinted

🔎 Autenticidad
La autenticidad del bolso puede justificarse mediante un certificado Entrupy, disponible por privado. El certificado puede enviarse al comprador el mismo día si lo solicita.

📦 Embalaje y envío
El bolso se protegerá cuidadosamente y se enviará en su caja con el guardapolvo para garantizar que llegue en las mejores condiciones. Envío rápido y cuidadoso.

✨ Una preciosa pieza Yves Saint Laurent, ideal para amantes de la marroquinería de lujo y de los modelos icónicos.

#YvesSaintLaurent #SaintLaurent #YSL #Muse2 #YSLMuse2 #SacYSL #SacSaintLaurent #LuxuryBag #DesignerBag #SacDeLuxe #Luxe #VintageLuxury #LeatherBag #BlackBag","Magnifique Saint Laurent Muse 2 en cuir noir, un modèle emblématique de la Maison Yves Saint Laurent. Son design intemporel et ses lignes élégantes en font un sac particulièrement polyvalent, aussi bien pour un usage quotidien que pour une tenue plus habillée.

👜 État : parfait état. Le sac est en parfait état général, sans défaut particulier à signaler.

Caractéristiques :
• Maison : Yves Saint Laurent
• Modèle : Muse 2
• Couleur : noir
• Matière : cuir
• Dimensions : 33 × 43 × 14 cm
• Prix neuf : 2 000 €
• Référence produit : non renseignée
• Pays de fabrication : non renseigné

Accessoires inclus :
• Boîte
• Dustbag
• Certificat Entrupy disponible
• Certificat Vinted

🔎 Authenticité
L’authenticité du sac peut être justifiée par un certificat Entrupy, disponible en privé. Le certificat peut être transmis à l’acheteur le jour même sur demande.

📦 Emballage & expédition
Le sac sera soigneusement protégé et expédié dans sa boîte avec son dustbag afin de garantir une réception dans les meilleures conditions. Expédition rapide et soignée.

✨ Une très belle pièce Yves Saint Laurent, idéale pour les amateurs de maroquinerie de luxe et de modèles iconiques.

#YvesSaintLaurent #SaintLaurent #YSL #Muse2 #YSLMuse2 #SacYSL #SacSaintLaurent #LuxuryBag #DesignerBag #SacDeLuxe #Luxe #VintageLuxury #LeatherBag #BlackBag",https://www.vinted.pt/items/9941413686-yves-saint-laurent-muse-2-noir-cuir,5,vinted_export/images/9941413686/01.webp | vinted_export/images/9941413686/02.webp | vinted_export/images/9941413686/03.webp | vinted_export/images/9941413686/04.webp | vinted_export/images/9941413686/05.webp,pt.bidnow@gmail.com,collectibles,Fashion,Used - Excellent,best-offer,30 days,flat-rate,15,no-returns,Lisboa,PT
9950987886,"Vintage Yves Saint Laurent YSL, Woman Watch, Quartz,",185,EUR,"The watch is fully functional and has been inspected and verified by a professional watchmaker 🔍

An elegant ladies’ Yves Saint Laurent watch with a refined vintage aesthetic. It features a warm champagne-tone dial with applied gold-tone hour markers and subtle YSL branding.

The round gold-tone case is paired with a classic black leather strap, creating a timeless and sophisticated look. Its delicate proportions give the watch an elegant, jewellery-inspired character typical of vintage ladies’ watches.

The watch is powered by a quartz movement.

5% discount for followers 🫶🏼","O relógio está totalmente funcional e foi inspecionado e verificado por um relojoeiro profissional 🔍

Elegante relógio feminino Yves Saint Laurent com uma estética vintage refinada. Apresenta mostrador em tom champanhe quente, marcadores de horas dourados aplicados e discreta assinatura YSL.

A caixa redonda dourada combina com uma clássica bracelete de pele preta, criando um visual intemporal e sofisticado. As proporções delicadas conferem-lhe um carácter elegante inspirado em joalharia, típico dos relógios femininos vintage.

Movimento de quartzo.

5% de desconto para seguidores 🫶🏼","The watch is fully functional and has been inspected and verified by a professional watchmaker 🔍

An elegant ladies’ Yves Saint Laurent watch with a refined vintage aesthetic. It features a warm champagne-tone dial with applied gold-tone hour markers and subtle YSL branding.

The round gold-tone case is paired with a classic black leather strap, creating a timeless and sophisticated look. Its delicate proportions give the watch an elegant, jewelry-inspired character typical of vintage ladies’ watches.

The watch is powered by a quartz movement.

5% discount for followers 🫶🏼","El reloj funciona perfectamente y ha sido inspeccionado y verificado por un relojero profesional 🔍

Elegante reloj de mujer Yves Saint Laurent con una refinada estética vintage. Presenta una esfera en cálido tono champán, índices horarios dorados aplicados y discreta firma YSL.

La caja redonda dorada se combina con una clásica correa de piel negra, creando un aspecto atemporal y sofisticado. Sus delicadas proporciones le dan un carácter elegante inspirado en la joyería, típico de los relojes femeninos vintage.

El reloj funciona con movimiento de cuarzo.

5 % de descuento para seguidores 🫶🏼","La montre est entièrement fonctionnelle et a été inspectée et vérifiée par un horloger professionnel 🔍

Élégante montre pour femme Yves Saint Laurent à l’esthétique vintage raffinée. Elle présente un cadran chaleureux couleur champagne, des index dorés appliqués et un marquage YSL discret.

Le boîtier rond doré est associé à un bracelet classique en cuir noir, créant une allure intemporelle et sophistiquée. Ses proportions délicates lui donnent un caractère élégant inspiré de la joaillerie, typique des montres féminines vintage.

La montre fonctionne avec un mouvement à quartz.

5 % de remise pour les abonnés 🫶🏼",https://www.vinted.pt/items/9950987886-vintage-yves-saint-laurent-ysl-woman-watch-quartz,5,vinted_export/images/9950987886/01.webp | vinted_export/images/9950987886/02.webp | vinted_export/images/9950987886/03.webp | vinted_export/images/9950987886/04.webp | vinted_export/images/9950987886/05.webp,pt.bidnow@gmail.com,collectibles,Fashion,Used - Excellent,best-offer,30 days,flat-rate,15,no-returns,Lisboa,PT
9519908151,YSL Spring-Summer 1993 abito verde con dettagli viola,450,EUR,"YSL Spring-Summer 1993 abito verde con dettagli viola

ABOUT | Questo è un vestito iconico, appartenente alla collezione Yves Saint Laurent rive gauche primavera-estate 1993 e presente in passerella! È un abito in cotone verde brillante, con profili viola a contrasto. Il dettaglio che colpisce è l'abbottonatura diagonale con grandi bottoni in metallo smaltato, una caratteristica che denota suggestioni orientali e di inizio Novecento. 100% cotone, foderato; made in France

TAGLIA & MISURE | Taglia FR 40, veste M. Misure:

spalle cm 40
seno cm 49
manica cm 25
lunghezza cm 87
vita cm 42

CONDIZIONI | L'abito YSL 1993 è in condizioni discrete, presenta segni d'uso e scoloriture dovute alla luce.

LABELS | Ci sono tutte le etichette

#YSL #YvesSaintLaurent #1993 #green #vintage #260280 #robe #dress #vestito","Vestido YSL Primavera-Verão 1993 verde com detalhes roxos.

SOBRE | Vestido icónico da coleção Yves Saint Laurent Rive Gauche primavera-verão 1993, apresentado em passerelle. Em algodão verde vivo com acabamentos roxos contrastantes. O detalhe marcante é o abotoamento diagonal com grandes botões metálicos esmaltados, evocando influências orientais e do início do século XX. 100% algodão, forrado; Made in France.

TAMANHO E MEDIDAS | Tamanho FR 40, veste M. Ombros 40 cm; peito 49 cm; manga 25 cm; comprimento 87 cm; cintura 42 cm.

ESTADO | Estado razoável, com sinais de uso e descoloração causada pela luz.

ETIQUETAS | Todas as etiquetas presentes.

#YSL #YvesSaintLaurent #1993 #green #vintage #260280 #robe #dress #vestito","YSL Spring-Summer 1993 green dress with purple details.

ABOUT | An iconic dress from the Yves Saint Laurent Rive Gauche Spring-Summer 1993 collection, shown on the runway. Bright green cotton with contrasting purple trim. The standout detail is the diagonal button fastening with large enamelled metal buttons, reflecting Oriental and early-20th-century influences. 100% cotton, lined; Made in France.

SIZE & MEASUREMENTS | FR 40, fits M. Shoulders 40 cm; chest 49 cm; sleeve 25 cm; length 87 cm; waist 42 cm.

CONDITION | Fair condition, with signs of wear and light-related fading.

LABELS | All labels are present.

#YSL #YvesSaintLaurent #1993 #green #vintage #260280 #robe #dress #vestito","Vestido YSL Primavera-Verano 1993 verde con detalles morados.

SOBRE | Vestido icónico de la colección Yves Saint Laurent Rive Gauche primavera-verano 1993, presentado en pasarela. Algodón verde intenso con ribetes morados en contraste. Destaca el abotonado diagonal con grandes botones metálicos esmaltados, con influencias orientales y de principios del siglo XX. 100 % algodón, forrado; Made in France.

TALLA Y MEDIDAS | Talla FR 40, equivale a M. Hombros 40 cm; pecho 49 cm; manga 25 cm; largo 87 cm; cintura 42 cm.

ESTADO | Estado aceptable, con signos de uso y decoloración causada por la luz.

ETIQUETAS | Están todas las etiquetas.

#YSL #YvesSaintLaurent #1993 #green #vintage #260280 #robe #dress #vestito","Robe YSL printemps-été 1993 verte avec détails violets.

À PROPOS | Robe iconique appartenant à la collection Yves Saint Laurent Rive Gauche printemps-été 1993 et présentée sur le podium. Coton vert vif avec bordures violettes contrastantes. Le détail marquant est le boutonnage diagonal avec de grands boutons en métal émaillé, évoquant des influences orientales et du début du XXe siècle. 100 % coton, doublée ; Made in France.

TAILLE & MESURES | Taille FR 40, convient à M. Épaules 40 cm ; poitrine 49 cm ; manche 25 cm ; longueur 87 cm ; taille 42 cm.

ÉTAT | État correct, avec signes d’usage et décolorations dues à la lumière.

ÉTIQUETTES | Toutes les étiquettes sont présentes.

#YSL #YvesSaintLaurent #1993 #green #vintage #260280 #robe #dress #vestito",https://www.vinted.pt/items/9519908151,5,vinted_export/images/9519908151/01.webp | vinted_export/images/9519908151/02.webp | vinted_export/images/9519908151/03.webp | vinted_export/images/9519908151/04.webp | vinted_export/images/9519908151/05.webp,pt.bidnow@gmail.com,collectibles,Fashion,Used - Excellent,best-offer,30 days,flat-rate,15,no-returns,Lisboa,PT
9520237141,Saint Laurent Rive Gauche completo vestito e giacca in lino blu,550,EUR,"Saint Laurent Rive Gauche completo vestito e giacca in lino blu

ABOUT | YSL completo di lino stampato, collezione Rive Gauche vintage dei primi anni ‘90. Il completo coordinato è composto da un abito tubino con spalline larghe e scollo quadrato e una giacca corta doppiopetto. Il tailleur è in lino blu con stampa astratta sui toni del viola e rosso, ispirata ai tessuti etnici. 100% lino, fodera in acetato e cupro. Completo lino Yves Saint Laurent, Made in France vintage anni Novanta.

TAGLIA & MISURE | Completo Saint Laurent taglia FR 40. Misure:

Giacca:
spalle cm 39
seno cm 45
manica cm 50
lunghezza cm 45

Vestito:
seno cm 41
vita cm 33
lunghezza cm 86

CONDIZIONI | Buone condizioni. Qualche segno d’uso, da segnalare scoloriture sul colletto e in corrispondenza delle ascelle.

#saintlauren #ysl #rivegauche #summer #1990s #linen #lin #lino #yvessaintlaurent #240629","Conjunto Saint Laurent Rive Gauche de vestido e casaco em linho azul.

SOBRE | Conjunto YSL em linho estampado, coleção Rive Gauche vintage do início dos anos 1990. Inclui vestido tubinho de alças largas e decote quadrado e casaco curto trespassado. Linho azul com estampado abstrato em tons de roxo e vermelho, inspirado em tecidos étnicos. 100% linho; forro em acetato e cupro. Made in France.

TAMANHO E MEDIDAS | FR 40. Casaco: ombros 39 cm; peito 45 cm; manga 50 cm; comprimento 45 cm. Vestido: peito 41 cm; cintura 33 cm; comprimento 86 cm.

ESTADO | Bom estado. Alguns sinais de uso; descoloração na gola e na zona das axilas.

#saintlauren #ysl #rivegauche #summer #1990s #linen #lin #lino #yvessaintlaurent #240629","Saint Laurent Rive Gauche blue linen dress-and-jacket set.

ABOUT | YSL printed linen set from the vintage Rive Gauche line, early 1990s. The coordinated set includes a sheath dress with wide straps and square neckline plus a short double-breasted jacket. Blue linen with an abstract purple-and-red print inspired by ethnic textiles. 100% linen; acetate and cupro lining. Made in France.

SIZE & MEASUREMENTS | FR 40. Jacket: shoulders 39 cm; chest 45 cm; sleeve 50 cm; length 45 cm. Dress: chest 41 cm; waist 33 cm; length 86 cm.

CONDITION | Good condition. Some signs of use; fading on the collar and around the underarms.

#saintlauren #ysl #rivegauche #summer #1990s #linen #lin #lino #yvessaintlaurent #240629","Conjunto Saint Laurent Rive Gauche de vestido y chaqueta de lino azul.

SOBRE | Conjunto YSL de lino estampado de la línea vintage Rive Gauche, principios de los años 90. Incluye vestido tubo con tirantes anchos y escote cuadrado y chaqueta corta cruzada. Lino azul con estampado abstracto en tonos morados y rojos, inspirado en tejidos étnicos. 100 % lino; forro de acetato y cupro. Made in France.

TALLA Y MEDIDAS | FR 40. Chaqueta: hombros 39 cm; pecho 45 cm; manga 50 cm; largo 45 cm. Vestido: pecho 41 cm; cintura 33 cm; largo 86 cm.

ESTADO | Buen estado. Algunos signos de uso; decoloración en el cuello y en la zona de las axilas.

#saintlauren #ysl #rivegauche #summer #1990s #linen #lin #lino #yvessaintlaurent #240629","Ensemble Saint Laurent Rive Gauche robe et veste en lin bleu.

À PROPOS | Ensemble YSL en lin imprimé de la ligne vintage Rive Gauche, début des années 1990. Il comprend une robe fourreau à larges bretelles et encolure carrée et une veste courte croisée. Lin bleu à imprimé abstrait violet et rouge inspiré des textiles ethniques. 100 % lin ; doublure acétate et cupro. Made in France.

TAILLE & MESURES | FR 40. Veste : épaules 39 cm ; poitrine 45 cm ; manche 50 cm ; longueur 45 cm. Robe : poitrine 41 cm ; taille 33 cm ; longueur 86 cm.

ÉTAT | Bon état. Quelques signes d’usage ; décolorations au col et au niveau des aisselles.

#saintlauren #ysl #rivegauche #summer #1990s #linen #lin #lino #yvessaintlaurent #240629",https://www.vinted.pt/items/9520237141,5,vinted_export/images/9520237141/01.webp | vinted_export/images/9520237141/02.webp | vinted_export/images/9520237141/03.webp | vinted_export/images/9520237141/04.webp | vinted_export/images/9520237141/05.webp,pt.bidnow@gmail.com,collectibles,Fashion,Used - Excellent,best-offer,30 days,flat-rate,15,no-returns,Lisboa,PT
9793041714,Camicia YSL vintage in seta,290,EUR,"YSL 1980s camicia bianca da donna con gemelli

ABOUT | Camicia bianca da donna firmata Yves Saint Laurent rive gauche nata sul finire degli anni Ottanta e ancora attualissima nella sua eleganza. La camicia ha dettagli importanti come l’abbottonatura sulla schiena e i polsini risvoltati da chiudere con gemelli (non inclusi). Tessuto in seta. Vintage anni ‘80. Made in France  

TAGLIA & MISURE | La camicia veste M. Misure:

spalle cm 41	                                    
seno cm 52                               
manica risvoltata cm 55
manica con polsini cm 61                        
lunghezza cm 63

CONDIZIONI | La camicia vintage bianca è in buone condizioni, ha qualche segno d'uso. Leggeri aloni. 

LABELS | Ci sono le etichette di marca e made in. Mancano quelle di taglia e tessuto.

TIPS | Una camicia bianca donna con gemelli che può svoltare il look

#camicia #gemelli #cuffskins #bianco #ysl #260617","Camisa branca feminina YSL dos anos 1980 com punhos para botões de punho.

SOBRE | Camisa branca feminina Yves Saint Laurent Rive Gauche do final dos anos 1980, ainda muito atual pela elegância. Tem detalhes importantes como abotoamento nas costas e punhos dobrados para fechar com botões de punho (não incluídos). Tecido de seda. Vintage anos 80. Made in France.

TAMANHO E MEDIDAS | Veste M. Ombros 41 cm; peito 52 cm; manga dobrada 55 cm; manga com punho 61 cm; comprimento 63 cm.

ESTADO | Bom estado, com alguns sinais de uso e ligeiras marcas/auréolas.

ETIQUETAS | Etiquetas de marca e Made in presentes; faltam as de tamanho e composição.

DICA | Uma camisa branca feminina com punhos que pode transformar o look.

#camicia #gemelli #cuffskins #bianco #ysl #260617","YSL 1980s women’s white shirt with French cuffs.

ABOUT | Yves Saint Laurent Rive Gauche women’s white shirt from the late 1980s, still very current in its elegance. Important details include back buttoning and turned-back cuffs designed for cufflinks (not included). Silk fabric. Vintage 1980s. Made in France.

SIZE & MEASUREMENTS | Fits M. Shoulders 41 cm; chest 52 cm; turned-back sleeve 55 cm; sleeve with cuff 61 cm; length 63 cm.

CONDITION | Good condition with some signs of use and light marks/halos.

LABELS | Brand and Made in labels are present; size and fabric labels are missing.

TIP | A women’s white cufflink shirt that can transform a look.

#camicia #gemelli #cuffskins #bianco #ysl #260617","Camisa blanca de mujer YSL de los años 80 con puños para gemelos.

SOBRE | Camisa blanca de mujer Yves Saint Laurent Rive Gauche de finales de los años 80, todavía muy actual por su elegancia. Incluye detalles importantes como el abotonado en la espalda y los puños vueltos para cerrar con gemelos (no incluidos). Tejido de seda. Vintage años 80. Made in France.

TALLA Y MEDIDAS | Equivale a M. Hombros 41 cm; pecho 52 cm; manga vuelta 55 cm; manga con puño 61 cm; largo 63 cm.

ESTADO | Buen estado, con algunos signos de uso y ligeras marcas.

ETIQUETAS | Están las etiquetas de marca y Made in; faltan las de talla y tejido.

CONSEJO | Una camisa blanca de mujer con gemelos capaz de transformar el look.

#camicia #gemelli #cuffskins #bianco #ysl #260617","Chemise blanche pour femme YSL des années 1980 avec poignets pour boutons de manchette.

À PROPOS | Chemise blanche pour femme Yves Saint Laurent Rive Gauche de la fin des années 1980, toujours très actuelle par son élégance. Elle présente des détails importants comme le boutonnage au dos et les poignets retournés à fermer avec des boutons de manchette (non inclus). Tissu en soie. Vintage années 80. Made in France.

TAILLE & MESURES | Convient à M. Épaules 41 cm ; poitrine 52 cm ; manche retournée 55 cm ; manche avec poignet 61 cm ; longueur 63 cm.

ÉTAT | Bon état, avec quelques signes d’usage et de légères auréoles.

ÉTIQUETTES | Les étiquettes de marque et Made in sont présentes ; celles de taille et de tissu manquent.

CONSEIL | Une chemise blanche femme à boutons de manchette capable de transformer le look.

#camicia #gemelli #cuffskins #bianco #ysl #260617",https://www.vinted.pt/items/9793041714,5,vinted_export/images/9793041714/01.webp | vinted_export/images/9793041714/02.webp | vinted_export/images/9793041714/03.webp | vinted_export/images/9793041714/04.webp | vinted_export/images/9793041714/05.webp,pt.bidnow@gmail.com,collectibles,Fashion,Used - Excellent,best-offer,30 days,flat-rate,15,no-returns,Lisboa,PT
9898893708,YSL vintage SS1992 giacca blu navy,380,EUR,"YSL Rive Gauche giacca blu navy 1992

ABOUT | Per un perfetto outfit da barca donna, giacca vintage Yves Saint Laurent blu navy della collezione primavera-estate 1992. La giacca ha un profondo scollo rotondo e chiusura doppiopetto con bottoni dorati decorati in stile nautico. La giacca è in pura lana, con fodera. Made in France.

TAGLIA & MISURE | Taglia FR 38, veste M. Misure:

spalle 41 cm	                                    
seno 45 cm                                
manica 51 cm                         
lunghezza 61 cm                   
vita 43 cm 

CONDIZIONI | La giacca è in ottime condizioni

LABELS | Ci sono tutte le etichette

TIPS | Se ami lo stile navy anche in città indossa questa giacca blu con un jeans bianco!

#navy #boat #barca #YSL #RiveGauche #260436","Casaco azul-marinho YSL Rive Gauche de 1992.

SOBRE | Casaco vintage Yves Saint Laurent azul-marinho da coleção primavera-verão 1992, perfeito para um look náutico feminino. Decote redondo profundo e fecho trespassado com botões dourados decorados em estilo náutico. 100% lã, com forro. Made in France.

TAMANHO E MEDIDAS | FR 38, veste M. Ombros 41 cm; peito 45 cm; manga 51 cm; comprimento 61 cm; cintura 43 cm.

ESTADO | Excelente estado.

ETIQUETAS | Todas presentes.

DICA | Para um estilo navy na cidade, use este casaco azul com jeans brancos.

#navy #boat #barca #YSL #RiveGauche #260436","YSL Rive Gauche navy jacket, 1992.

ABOUT | Vintage Yves Saint Laurent navy jacket from the Spring-Summer 1992 collection, perfect for a women’s nautical look. Deep round neckline and double-breasted fastening with gold-tone nautical-style buttons. Pure wool with lining. Made in France.

SIZE & MEASUREMENTS | FR 38, fits M. Shoulders 41 cm; chest 45 cm; sleeve 51 cm; length 61 cm; waist 43 cm.

CONDITION | Excellent condition.

LABELS | All labels are present.

TIP | If you love navy style in the city, wear this blue jacket with white jeans.

#navy #boat #barca #YSL #RiveGauche #260436","Chaqueta azul marino YSL Rive Gauche de 1992.

SOBRE | Chaqueta vintage Yves Saint Laurent azul marino de la colección primavera-verano 1992, perfecta para un look náutico de mujer. Escote redondo profundo y cierre cruzado con botones dorados decorados en estilo marinero. Lana pura con forro. Made in France.

TALLA Y MEDIDAS | FR 38, equivale a M. Hombros 41 cm; pecho 45 cm; manga 51 cm; largo 61 cm; cintura 43 cm.

ESTADO | Excelente estado.

ETIQUETAS | Están todas.

CONSEJO | Si te gusta el estilo navy también en la ciudad, lleva esta chaqueta azul con vaqueros blancos.

#navy #boat #barca #YSL #RiveGauche #260436","Veste bleu marine YSL Rive Gauche, 1992.

À PROPOS | Veste vintage Yves Saint Laurent bleu marine de la collection printemps-été 1992, parfaite pour un look nautique féminin. Profond décolleté rond et fermeture croisée avec boutons dorés décorés dans un style marin. Pure laine, doublée. Made in France.

TAILLE & MESURES | FR 38, convient à M. Épaules 41 cm ; poitrine 45 cm ; manche 51 cm ; longueur 61 cm ; taille 43 cm.

ÉTAT | Excellent état.

ÉTIQUETTES | Toutes les étiquettes sont présentes.

CONSEIL | Si vous aimez le style navy en ville, portez cette veste bleue avec un jean blanc.

#navy #boat #barca #YSL #RiveGauche #260436",https://www.vinted.pt/items/9898893708,5,vinted_export/images/9898893708/01.webp | vinted_export/images/9898893708/02.webp | vinted_export/images/9898893708/03.webp | vinted_export/images/9898893708/04.webp | vinted_export/images/9898893708/05.webp,pt.bidnow@gmail.com,collectibles,Fashion,Used - Excellent,best-offer,30 days,flat-rate,15,no-returns,Lisboa,PT
9660028312,Orecchini YSL vintage dorati,380,EUR,"Orecchini YSL vintage anni '80

ABOUT | Grandi orecchini a clip firmati Yves Saint Laurent, in metallo dorato con effetto martellato e una forma decorativa con volute arricciate. Gli orecchini sono uno straordinario esempio di bigiotteria di alta moda; hanno cartiglio YSL e dicitura Made in France e sono firmati YSL sulla clip.

TAGLIA & MISURE | Gli orecchini hanno un diametro di 4 cm.

CONDIZIONI | Ottime condizioni, minime ossidazioni

#arabesque #earrings #ysl #yvessaintlaurent #vintage80s #250572","Brincos YSL vintage dos anos 1980.

SOBRE | Grandes brincos de mola Yves Saint Laurent em metal dourado com efeito martelado e forma decorativa em volutas. Um extraordinário exemplo de bijuteria de alta-costura; têm placa YSL e indicação Made in France, e assinatura YSL na mola.

TAMANHO E MEDIDAS | Diâmetro 4 cm.

ESTADO | Excelente estado, oxidação mínima.

#arabesque #earrings #ysl #yvessaintlaurent #vintage80s #250572","Vintage 1980s YSL earrings.

ABOUT | Large Yves Saint Laurent clip-on earrings in gold-tone metal with a hammered effect and decorative curled scroll shape. An outstanding example of high-fashion costume jewelry; they feature a YSL cartouche and Made in France marking and are signed YSL on the clip.

SIZE & MEASUREMENTS | Diameter 4 cm.

CONDITION | Excellent condition, minimal oxidation.

#arabesque #earrings #ysl #yvessaintlaurent #vintage80s #250572","Pendientes YSL vintage de los años 80.

SOBRE | Grandes pendientes de clip Yves Saint Laurent en metal dorado con efecto martillado y forma decorativa de volutas. Un extraordinario ejemplo de bisutería de alta moda; llevan placa YSL y la indicación Made in France, además de firma YSL en el clip.

TALLA Y MEDIDAS | Diámetro 4 cm.

ESTADO | Excelente estado, oxidación mínima.

#arabesque #earrings #ysl #yvessaintlaurent #vintage80s #250572","Boucles d’oreilles YSL vintage des années 1980.

À PROPOS | Grandes boucles d’oreilles à clips Yves Saint Laurent en métal doré à effet martelé, avec forme décorative en volutes. Un remarquable exemple de bijouterie fantaisie haute couture ; elles portent un cartouche YSL et la mention Made in France et sont signées YSL sur le clip.

TAILLE & MESURES | Diamètre 4 cm.

ÉTAT | Excellent état, oxydation minimale.

#arabesque #earrings #ysl #yvessaintlaurent #vintage80s #250572",https://www.vinted.pt/items/9660028312,5,vinted_export/images/9660028312/01.webp | vinted_export/images/9660028312/02.webp | vinted_export/images/9660028312/03.webp | vinted_export/images/9660028312/04.webp | vinted_export/images/9660028312/05.webp,pt.bidnow@gmail.com,collectibles,Fashion,Used - Excellent,best-offer,30 days,flat-rate,15,no-returns,Lisboa,PT
9706610251,YSL tailleur bianco con bottoni in legno vintage 1993,350,EUR,"YSL tailleur bianco con bottoni in legno

ABOUT | Per un perfetto stile old money, elegantissimo tailleur con gonna firmato Yves Saint Laurent linea Variation dalla collezione estate 1993. Il completo è in tessuto di viscosa di colore bianco con grandi bottoni in legno. La gonna ha una linea classica, mentre la giacca è una rivisitazione delle sahariane che hanno reso indimenticabile YSL, qui in chiave chic. Made in France

TAGLIA & MISURE | Taglia FR 40, veste M. Misure:

Giacca:
spalle cm 41	                                    
seno cm 54                                 
manica cm 50 (con polsino risvoltato)                          
lunghezza cm 70                   

Gonna:
vita cm 39 
fianchi cm 49
lunghezza cm 58

CONDIZIONI | Il completo bianco è in buone condizioni, lievi segni d'uso. Leggero ingiallimento sulla retro della giacca.

LABELS | Il tailleur Saint Laurent ha tutte le etichette

TIPS | Il tailleur bianco di Saint Laurent è impeccabile e perfetto per look sofisticati

#YSL #1993 #white #biancoavorio #vintage

Ref.: 260619","Fato YSL branco com botões de madeira.

SOBRE | Elegante conjunto com saia Yves Saint Laurent Variation da coleção verão 1993, perfeito para um estilo old money. Tecido de viscose branco com grandes botões de madeira. A saia tem linha clássica; o casaco reinterpreta as icónicas saharianas YSL numa versão chic. Made in France.

TAMANHO E MEDIDAS | FR 40, veste M. Casaco: ombros 41 cm; peito 54 cm; manga 50 cm (com punho dobrado); comprimento 70 cm. Saia: cintura 39 cm; ancas 49 cm; comprimento 58 cm.

ESTADO | Bom estado, ligeiros sinais de uso. Ligeiro amarelecimento na parte de trás do casaco.

ETIQUETAS | Todas presentes.

DICA | Um conjunto branco impecável, perfeito para looks sofisticados.

#YSL #1993 #white #biancoavorio #vintage

Ref.: 260619","White YSL skirt suit with wooden buttons.

ABOUT | Elegant Yves Saint Laurent Variation skirt suit from the Summer 1993 collection, perfect for an old-money style. White viscose fabric with large wooden buttons. The skirt has a classic line, while the jacket reinterprets YSL’s iconic safari jackets in a chic version. Made in France.

SIZE & MEASUREMENTS | FR 40, fits M. Jacket: shoulders 41 cm; chest 54 cm; sleeve 50 cm (with turned cuff); length 70 cm. Skirt: waist 39 cm; hips 49 cm; length 58 cm.

CONDITION | Good condition, light signs of use. Slight yellowing on the back of the jacket.

LABELS | All labels are present.

TIP | An impeccable white Saint Laurent suit, perfect for sophisticated looks.

#YSL #1993 #white #biancoavorio #vintage

Ref.: 260619","Traje YSL blanco con botones de madera.

SOBRE | Elegante traje de falda Yves Saint Laurent Variation de la colección verano 1993, perfecto para un estilo old money. Tejido de viscosa blanco con grandes botones de madera. La falda tiene una línea clásica, mientras que la chaqueta reinterpreta las icónicas saharianas YSL en clave chic. Made in France.

TALLA Y MEDIDAS | FR 40, equivale a M. Chaqueta: hombros 41 cm; pecho 54 cm; manga 50 cm (con puño vuelto); largo 70 cm. Falda: cintura 39 cm; caderas 49 cm; largo 58 cm.

ESTADO | Buen estado, ligeros signos de uso. Ligero amarilleamiento en la parte trasera de la chaqueta.

ETIQUETAS | Están todas.

CONSEJO | Un traje blanco impecable, perfecto para looks sofisticados.

#YSL #1993 #white #biancoavorio #vintage

Ref.: 260619","Tailleur YSL blanc avec boutons en bois.

À PROPOS | Élégant tailleur jupe Yves Saint Laurent Variation de la collection été 1993, parfait pour un style old money. Tissu en viscose blanc avec de grands boutons en bois. La jupe présente une ligne classique, tandis que la veste revisite les sahariennes iconiques de YSL dans une version chic. Made in France.

TAILLE & MESURES | FR 40, convient à M. Veste : épaules 41 cm ; poitrine 54 cm ; manche 50 cm (avec poignet retourné) ; longueur 70 cm. Jupe : taille 39 cm ; hanches 49 cm ; longueur 58 cm.

ÉTAT | Bon état, légers signes d’usage. Léger jaunissement au dos de la veste.

ÉTIQUETTES | Toutes les étiquettes sont présentes.

CONSEIL | Un tailleur blanc impeccable, parfait pour des looks sophistiqués.

#YSL #1993 #white #biancoavorio #vintage

Réf. : 260619",https://www.vinted.pt/items/9706610251,5,vinted_export/images/9706610251/01.webp | vinted_export/images/9706610251/02.webp | vinted_export/images/9706610251/03.webp | vinted_export/images/9706610251/04.webp | vinted_export/images/9706610251/05.webp,pt.bidnow@gmail.com,collectibles,Fashion,Used - Excellent,best-offer,30 days,flat-rate,15,no-returns,Lisboa,PT
9872919657,Borsa YSL in pelle bordeaux vintage 1970s,350,EUR,"Borsa YSL in pelle bordeaux

ABOUT | Borsa Yves Saint Laurent a tracolla in suede bordeaux con inserti in pelle effetto rettile e profili ondulati in passamaneria. Borsa YSL vintage anni ‘70, unisce la comodità della tracolla alla giusta capienza per essere usata come borsa da giorno o per un pomeriggio di shopping. Si chiude con un bottone a pressione, l’interno è in tela con tasca porta oggetti e ha una tracolla sottile in canvas.

TAGLIA & MISURE | La borsa misura cm 20 x 5 x 20.

CONDIZIONI | Ottime condizioni, minimi segni d’uso sulla pelle

TIPS | Regalati un pezzo di storia della moda, dalle collezioni Saint Laurent 70s una borsa da indossare con jeans e stivali o in abbinamento ad un vestito Seventies in stile boho

#ysl #yslbag #burgundy #vintage #1970s #250120 #sac","Mala YSL em pele bordô.

SOBRE | Mala de ombro Yves Saint Laurent em camurça bordô com aplicações de pele efeito réptil e contornos ondulados em passamanaria. Mala YSL vintage dos anos 1970, combina a comodidade da alça de ombro com capacidade adequada para uso diário ou compras. Fecha com botão de pressão; interior em lona com bolso para objetos e alça fina em canvas.

TAMANHO E MEDIDAS | 20 × 5 × 20 cm.

ESTADO | Excelente estado, sinais mínimos de uso na pele.

DICA | Uma peça de história da moda: use-a com jeans e botas ou com um vestido boho seventies.

#ysl #yslbag #burgundy #vintage #1970s #250120 #sac","YSL burgundy leather bag.

ABOUT | Yves Saint Laurent shoulder bag in burgundy suede with reptile-effect leather inserts and wavy passementerie trim. Vintage 1970s YSL bag, combining the convenience of a shoulder strap with enough capacity for daytime use or an afternoon of shopping. Snap-button closure; canvas interior with utility pocket and a slim canvas shoulder strap.

SIZE & MEASUREMENTS | 20 × 5 × 20 cm.

CONDITION | Excellent condition, minimal signs of use on the leather.

TIP | Own a piece of fashion history: wear it with jeans and boots or with a Seventies boho dress.

#ysl #yslbag #burgundy #vintage #1970s #250120 #sac","Bolso YSL de piel burdeos.

SOBRE | Bolso de hombro Yves Saint Laurent de ante burdeos con aplicaciones de piel efecto reptil y ribetes ondulados de pasamanería. Bolso YSL vintage de los años 70, combina la comodidad de la correa de hombro con una capacidad adecuada para usarlo de día o de compras. Cierre con botón a presión; interior de lona con bolsillo para objetos y correa fina de canvas.

TALLA Y MEDIDAS | 20 × 5 × 20 cm.

ESTADO | Excelente estado, mínimos signos de uso en la piel.

CONSEJO | Una pieza de historia de la moda: llévala con vaqueros y botas o con un vestido boho de los setenta.

#ysl #yslbag #burgundy #vintage #1970s #250120 #sac","Sac YSL en cuir bordeaux.

À PROPOS | Sac à bandoulière Yves Saint Laurent en daim bordeaux avec empiècements en cuir effet reptile et bordures ondulées en passementerie. Sac YSL vintage des années 1970, combinant le confort d’une bandoulière avec une capacité adaptée à un usage de journée ou une après-midi shopping. Fermeture par bouton-pression ; intérieur en toile avec poche de rangement et fine bandoulière en canvas.

TAILLE & MESURES | 20 × 5 × 20 cm.

ÉTAT | Excellent état, traces d’usage minimales sur le cuir.

CONSEIL | Offrez-vous un morceau d’histoire de la mode : à porter avec un jean et des bottes ou avec une robe bohème seventies.

#ysl #yslbag #burgundy #vintage #1970s #250120 #sac",https://www.vinted.pt/items/9872919657,5,vinted_export/images/9872919657/01.webp | vinted_export/images/9872919657/02.webp | vinted_export/images/9872919657/03.webp | vinted_export/images/9872919657/04.webp | vinted_export/images/9872919657/05.webp,pt.bidnow@gmail.com,collectibles,Fashion,Used - Excellent,best-offer,30 days,flat-rate,15,no-returns,Lisboa,PT
9644842312,Gonna nera con tasche YSL Rive Gauche,180,EUR,"Gonna nera con tasche YSL Rive Gauche

ABOUT | Yves Saint Laurent vintage gonna longuette nera con due tasche frontali. Gonna classica a vita alta, in tessuto di lana e fodera colore nero tinta unita. Moda vintage francese dallo stile minimal senza tempo che non conosce il passare delle tendenze. Made in France, anni ‘80

TAGLIA & MISURE | La gonna veste taglia L. Misure:

vita cm 42
fianchi cm 53
lunghezza cm 67

CONDIZIONI | Buone condizioni, è stata modificata per allargarla

TIPS | Una gonna con tasche non può mancare nel tuo guardaroba, è la base per costruire molti look casual chic

#ysl #yvessaintlaurent #rivegauche #skirt #minimal #240546 #jupe","Saia preta com bolsos YSL Rive Gauche.

SOBRE | Saia midi vintage Yves Saint Laurent preta com dois bolsos frontais. Modelo clássico de cintura subida, em tecido de lã com forro preto liso. Moda vintage francesa de estilo minimal e intemporal. Made in France, anos 1980.

TAMANHO E MEDIDAS | Veste L. Cintura 42 cm; ancas 53 cm; comprimento 67 cm.

ESTADO | Bom estado; foi alterada para ficar mais larga.

DICA | Uma saia com bolsos é uma base versátil para muitos looks casual chic.

#ysl #yvessaintlaurent #rivegauche #skirt #minimal #240546 #jupe","Black YSL Rive Gauche skirt with pockets.

ABOUT | Vintage Yves Saint Laurent black midi skirt with two front pockets. Classic high-waisted design in wool fabric with plain black lining. Timeless minimalist French vintage fashion. Made in France, 1980s.

SIZE & MEASUREMENTS | Fits L. Waist 42 cm; hips 53 cm; length 67 cm.

CONDITION | Good condition; it has been altered to make it wider.

TIP | A skirt with pockets is a versatile wardrobe base for many casual-chic looks.

#ysl #yvessaintlaurent #rivegauche #skirt #minimal #240546 #jupe","Falda negra con bolsillos YSL Rive Gauche.

SOBRE | Falda midi vintage Yves Saint Laurent negra con dos bolsillos delanteros. Modelo clásico de cintura alta, en tejido de lana con forro negro liso. Moda vintage francesa de estilo minimalista y atemporal. Made in France, años 80.

TALLA Y MEDIDAS | Equivale a L. Cintura 42 cm; caderas 53 cm; largo 67 cm.

ESTADO | Buen estado; ha sido modificada para hacerla más ancha.

CONSEJO | Una falda con bolsillos es una base versátil para muchos looks casual chic.

#ysl #yvessaintlaurent #rivegauche #skirt #minimal #240546 #jupe","Jupe noire à poches YSL Rive Gauche.

À PROPOS | Jupe midi vintage Yves Saint Laurent noire avec deux poches frontales. Modèle classique taille haute, en tissu de laine avec doublure noire unie. Mode vintage française au style minimal et intemporel. Made in France, années 1980.

TAILLE & MESURES | Convient à L. Taille 42 cm ; hanches 53 cm ; longueur 67 cm.

ÉTAT | Bon état ; elle a été modifiée pour être élargie.

CONSEIL | Une jupe à poches est une base polyvalente pour de nombreux looks casual chic.

#ysl #yvessaintlaurent #rivegauche #skirt #minimal #240546 #jupe",https://www.vinted.pt/items/9644842312,5,vinted_export/images/9644842312/01.webp | vinted_export/images/9644842312/02.webp | vinted_export/images/9644842312/03.webp | vinted_export/images/9644842312/04.webp | vinted_export/images/9644842312/05.webp,pt.bidnow@gmail.com,collectibles,Fashion,Used - Excellent,best-offer,30 days,flat-rate,15,no-returns,Lisboa,PT
8263422988,YSL  giacca rosa shocking 1990s,450,EUR,"YSL  giacca rosa shocking

ABOUT | Straordinaria giacca da donna firmata Yves Saint Laurent “Uniform”, una produzione in origine non destinata alla vendita e per questo ancora più rara. La giacca è in viscosa e seta di un sorprendente rosa acceso, con bottoni in metallo a forma di cuore o di picche smaltato di rosso e ampi rever arrotondati. La giacca è vintage degli anni Novanta, made in France

TAGLIA & MISURE | Taglia FR 38. Misure:

spalle 39 cm
seno 43 cm
manica 57 cm
lunghezza 66 cm
vita 38 cm

CONDIZIONI | La giacca è in ottime condizioni.

LABELS | Ci sono tutte le etichette

TIPS | Per chi ama collezionare pezzi unici di Yves Saint Laurent!

#YSL #YSLuniform #rosashocking #shockingpink #romantic #260082 #veste","Casaco YSL rosa-choque.

SOBRE | Extraordinário casaco feminino Yves Saint Laurent “Uniform”, originalmente não destinado à venda e, por isso, ainda mais raro. Em viscose e seda rosa vivo, com botões metálicos em forma de coração ou espadas esmaltados a vermelho e amplas lapelas arredondadas. Vintage dos anos 1990, Made in France.

TAMANHO E MEDIDAS | FR 38. Ombros 39 cm; peito 43 cm; manga 57 cm; comprimento 66 cm; cintura 38 cm.

ESTADO | Excelente estado.

ETIQUETAS | Todas presentes.

DICA | Para quem gosta de colecionar peças únicas Yves Saint Laurent.

#YSL #YSLuniform #rosashocking #shockingpink #romantic #260082 #veste","Shocking-pink YSL jacket.

ABOUT | Extraordinary women’s jacket by Yves Saint Laurent “Uniform”, originally not intended for retail and therefore even rarer. Made from viscose and silk in a striking bright pink, with metal buttons shaped like hearts or spades enamelled in red and wide rounded lapels. Vintage 1990s, Made in France.

SIZE & MEASUREMENTS | FR 38. Shoulders 39 cm; chest 43 cm; sleeve 57 cm; length 66 cm; waist 38 cm.

CONDITION | Excellent condition.

LABELS | All labels are present.

TIP | For collectors of unique Yves Saint Laurent pieces.

#YSL #YSLuniform #rosashocking #shockingpink #romantic #260082 #veste","Chaqueta YSL rosa shocking.

SOBRE | Extraordinaria chaqueta de mujer Yves Saint Laurent “Uniform”, originalmente no destinada a la venta y por ello aún más rara. Confeccionada en viscosa y seda de un sorprendente rosa intenso, con botones metálicos en forma de corazón o picas esmaltados en rojo y amplias solapas redondeadas. Vintage de los años 90, Made in France.

TALLA Y MEDIDAS | FR 38. Hombros 39 cm; pecho 43 cm; manga 57 cm; largo 66 cm; cintura 38 cm.

ESTADO | Excelente estado.

ETIQUETAS | Están todas.

CONSEJO | Para quienes disfrutan coleccionando piezas únicas de Yves Saint Laurent.

#YSL #YSLuniform #rosashocking #shockingpink #romantic #260082 #veste","Veste YSL rose shocking.

À PROPOS | Extraordinaire veste pour femme Yves Saint Laurent “Uniform”, une production à l’origine non destinée à la vente et donc encore plus rare. En viscose et soie d’un rose vif surprenant, avec boutons en métal en forme de cœur ou de pique émaillés de rouge et larges revers arrondis. Vintage années 1990, Made in France.

TAILLE & MESURES | FR 38. Épaules 39 cm ; poitrine 43 cm ; manche 57 cm ; longueur 66 cm ; taille 38 cm.

ÉTAT | Excellent état.

ÉTIQUETTES | Toutes les étiquettes sont présentes.

CONSEIL | Pour les amateurs de pièces uniques Yves Saint Laurent.

#YSL #YSLuniform #rosashocking #shockingpink #romantic #260082 #veste",https://www.vinted.pt/items/8263422988,5,vinted_export/images/8263422988/01.webp | vinted_export/images/8263422988/02.webp | vinted_export/images/8263422988/03.webp | vinted_export/images/8263422988/04.webp | vinted_export/images/8263422988/05.webp,pt.bidnow@gmail.com,collectibles,Fashion,Used - Excellent,best-offer,30 days,flat-rate,15,no-returns,Lisboa,PT
8165640224,YSL tailleur gonna blu in cotone piqué 1990s,250,EUR,"YSL tailleur gonna blu in cotone piqué

ABOUT | Completo da donna firmato Yves Saint Laurent in un bel blu intenso. È composto da una giacca avvitata con grandi spalle imbottite e una gonna a vita alta. Fa parte della collezione YSL Variation estate 1992. Tessuto 100% cotone, con fodera

TAGLIA & MISURE | Giacca taglia FR 40, gonna FR 38, veste S. Misure:

Giacca:
spalle cm 40
seno cm 41
manica cm 63
lunghezza cm 59
vita cm 39

Gonna:
vita cm 33
fianchi cm 44
lunghezza cm 55

CONDIZIONI | Il tailleur vintage è in ottime condizioni, lievi segni d'uso.

LABELS | Ci sono tutte le etichette

TIPS | Ami gli outfit colorblock? Non perderti questo straordinario tailleur blu di Saint Laurent!

#tailleur #skirtsuit #blue #YSL #YvesSaintLaurent #260092 #ensemble","Fato de saia YSL azul em algodão piqué.

SOBRE | Conjunto feminino Yves Saint Laurent num belo azul intenso, composto por casaco cintado com ombros grandes e estruturados e saia de cintura subida. Coleção YSL Variation verão 1992. Tecido 100% algodão, com forro.

TAMANHO E MEDIDAS | Casaco FR 40, saia FR 38, veste S. Casaco: ombros 40 cm; peito 41 cm; manga 63 cm; comprimento 59 cm; cintura 39 cm. Saia: cintura 33 cm; ancas 44 cm; comprimento 55 cm.

ESTADO | Excelente estado vintage, com ligeiros sinais de uso.

ETIQUETAS | Todas presentes.

DICA | Para amantes de looks color block, um extraordinário conjunto azul Saint Laurent.

#tailleur #skirtsuit #blue #YSL #YvesSaintLaurent #260092 #ensemble","Blue YSL skirt suit in piqué cotton.

ABOUT | Women’s Yves Saint Laurent set in a beautiful intense blue, consisting of a fitted jacket with large padded shoulders and a high-waisted skirt. YSL Variation Summer 1992 collection. 100% cotton fabric, lined.

SIZE & MEASUREMENTS | Jacket FR 40, skirt FR 38, fits S. Jacket: shoulders 40 cm; chest 41 cm; sleeve 63 cm; length 59 cm; waist 39 cm. Skirt: waist 33 cm; hips 44 cm; length 55 cm.

CONDITION | Excellent vintage condition, with light signs of wear.

LABELS | All labels are present.

TIP | If you love color-block outfits, don’t miss this striking blue Saint Laurent suit.

#tailleur #skirtsuit #blue #YSL #YvesSaintLaurent #260092 #ensemble","Traje de falda YSL azul en algodón piqué.

SOBRE | Conjunto de mujer Yves Saint Laurent en un precioso azul intenso, formado por chaqueta entallada con grandes hombros acolchados y falda de cintura alta. Colección YSL Variation verano 1992. Tejido 100 % algodón, con forro.

TALLA Y MEDIDAS | Chaqueta FR 40, falda FR 38, equivale a S. Chaqueta: hombros 40 cm; pecho 41 cm; manga 63 cm; largo 59 cm; cintura 39 cm. Falda: cintura 33 cm; caderas 44 cm; largo 55 cm.

ESTADO | Excelente estado vintage, con ligeros signos de uso.

ETIQUETAS | Están todas.

CONSEJO | Si te gustan los looks color block, no te pierdas este extraordinario traje azul Saint Laurent.

#tailleur #skirtsuit #blue #YSL #YvesSaintLaurent #260092 #ensemble","Tailleur jupe YSL bleu en coton piqué.

À PROPOS | Ensemble pour femme Yves Saint Laurent dans un beau bleu intense, composé d’une veste cintrée à larges épaules rembourrées et d’une jupe taille haute. Collection YSL Variation été 1992. Tissu 100 % coton, doublé.

TAILLE & MESURES | Veste FR 40, jupe FR 38, convient à S. Veste : épaules 40 cm ; poitrine 41 cm ; manche 63 cm ; longueur 59 cm ; taille 39 cm. Jupe : taille 33 cm ; hanches 44 cm ; longueur 55 cm.

ÉTAT | Excellent état vintage, avec de légers signes d’usage.

ÉTIQUETTES | Toutes les étiquettes sont présentes.

CONSEIL | Pour les amateurs de looks color block, un superbe tailleur bleu Saint Laurent.

#tailleur #skirtsuit #blue #YSL #YvesSaintLaurent #260092 #ensemble",https://www.vinted.pt/items/8165640224,5,vinted_export/images/8165640224/01.webp | vinted_export/images/8165640224/02.webp | vinted_export/images/8165640224/03.webp | vinted_export/images/8165640224/04.webp | vinted_export/images/8165640224/05.webp,pt.bidnow@gmail.com,collectibles,Fashion,Used - Excellent,best-offer,30 days,flat-rate,15,no-returns,Lisboa,PT
7992005402,YSL orecchini pendenti con cuori 90s,290,EUR,"YSL orecchini pendenti con cuori 90s

ABOUT | Orecchini statement firmati Yves Saint Laurent, realizzati con due elementi a forma di cuore, uno dei quali decorato con zirconi quadrati rossi e rosa su lamina dorata. Sono orecchini importanti e perfetti per chi ama stupire! Orecchini a clip vintage anni '90, made in France

TAGLIA & MISURE | Gli orecchini misurano cm 6 x 4

CONDIZIONI | Condizioni discrete, hanno segni d'uso e piccole ossidazioni. Uno dei due orecchini presenta tracce di colla e l'anellino di congiunzione tagliato

LABELS | Monogrammati sulla clip e sul retro con made in France

TIPS | In perfetto stile YSL orecchini con cuori per look super glamour

#earrings #pendentif #heart #heart #glam #260250 #clipdoreille #orecchini #ysl #yvessaintlaurent","Brincos pendentes YSL com corações, anos 1990.

SOBRE | Brincos statement Yves Saint Laurent compostos por dois elementos em forma de coração, um deles decorado com zircónias quadradas vermelhas e rosa sobre metal dourado. Brincos marcantes, perfeitos para quem gosta de surpreender. De mola, vintage anos 90, Made in France.

TAMANHO E MEDIDAS | 6 × 4 cm.

ESTADO | Estado razoável, com sinais de uso e pequenas oxidações. Um dos brincos apresenta vestígios de cola e o pequeno anel de ligação está cortado.

ETIQUETAS | Monograma na mola e Made in France no verso.

DICA | Corações em perfeito estilo YSL para looks super glamour.

#earrings #pendentif #heart #heart #glam #260250 #clipdoreille #orecchini #ysl #yvessaintlaurent","YSL dangling heart earrings, 1990s.

ABOUT | Statement Yves Saint Laurent earrings made from two heart-shaped elements, one decorated with square red and pink zircon stones on gold-tone metal. Bold earrings, perfect for making an impression. Vintage 1990s clip-ons, Made in France.

SIZE & MEASUREMENTS | 6 × 4 cm.

CONDITION | Fair condition, with signs of use and small areas of oxidation. One earring shows traces of glue and the connecting ring is cut.

LABELS | Monogrammed on the clip and marked Made in France on the back.

TIP | Heart earrings in true YSL style for ultra-glam looks.

#earrings #pendentif #heart #heart #glam #260250 #clipdoreille #orecchini #ysl #yvessaintlaurent","Pendientes colgantes YSL con corazones, años 90.

SOBRE | Pendientes statement Yves Saint Laurent formados por dos elementos en forma de corazón, uno decorado con circonitas cuadradas rojas y rosas sobre metal dorado. Pendientes llamativos, perfectos para quien quiera destacar. De clip, vintage de los años 90, Made in France.

TALLA Y MEDIDAS | 6 × 4 cm.

ESTADO | Estado aceptable, con signos de uso y pequeñas oxidaciones. Uno de los pendientes presenta restos de pegamento y la anilla de unión está cortada.

ETIQUETAS | Monograma en el clip y Made in France en la parte trasera.

CONSEJO | Corazones al más puro estilo YSL para looks súper glam.

#earrings #pendentif #heart #heart #glam #260250 #clipdoreille #orecchini #ysl #yvessaintlaurent","Boucles d’oreilles pendantes YSL à cœurs, années 1990.

À PROPOS | Boucles d’oreilles statement Yves Saint Laurent composées de deux éléments en forme de cœur, dont l’un est orné de zircons carrés rouges et roses sur métal doré. Des boucles imposantes, parfaites pour se faire remarquer. Clips vintage années 90, Made in France.

TAILLE & MESURES | 6 × 4 cm.

ÉTAT | État correct, avec signes d’usage et petites oxydations. Une boucle présente des traces de colle et l’anneau de jonction est coupé.

ÉTIQUETTES | Monogrammées sur le clip et marquées Made in France au dos.

CONSEIL | Des cœurs dans le pur style YSL pour des looks ultra glamour.

#earrings #pendentif #heart #heart #glam #260250 #clipdoreille #orecchini #ysl #yvessaintlaurent",https://www.vinted.pt/items/7992005402,5,vinted_export/images/7992005402/01.webp | vinted_export/images/7992005402/02.webp | vinted_export/images/7992005402/03.webp | vinted_export/images/7992005402/04.webp | vinted_export/images/7992005402/05.webp,pt.bidnow@gmail.com,collectibles,Fashion,Used - Excellent,best-offer,30 days,flat-rate,15,no-returns,Lisboa,PT
9257524811,YSL spilla rettangolare vintage anni '80,265,EUR,"YSL spilla rettangolare vintage anni '80

ABOUT | Spilla vintage Yves Saint Laurent risalente agli anni Ottanta. Design geometrico con tre elementi quadrati dorati, ciascuno incastonato con una pietra in vetro blu zaffiro dal taglio quadrato, dal forte impatto visivo. Il retro finemente lavorato presenta un motivo traforato a fiore e la firma “YSL” incisa e la dicitura Made in France

TAGLIA & MISURE | La spilla misura cm 6 x 2

CONDIZIONI | Vintage brooch in buone condizioni, lievi graffi sul metallo

#ysl #brooch #jewels #vintage #eighties #250573","Pregadeira retangular YSL vintage dos anos 1980.

SOBRE | Pregadeira vintage Yves Saint Laurent dos anos 80. Design geométrico com três elementos quadrados dourados, cada um com uma pedra de vidro azul-safira de corte quadrado, de forte impacto visual. O verso finamente trabalhado apresenta motivo floral vazado, assinatura “YSL” gravada e a indicação Made in France.

TAMANHO E MEDIDAS | 6 × 2 cm.

ESTADO | Bom estado, ligeiros riscos no metal.

#ysl #brooch #jewels #vintage #eighties #250573","Vintage 1980s rectangular YSL brooch.

ABOUT | Vintage Yves Saint Laurent brooch dating from the 1980s. Geometric design with three gold-tone square elements, each set with a square-cut sapphire-blue glass stone for strong visual impact. The finely worked back features an openwork flower motif, engraved “YSL” signature and Made in France marking.

SIZE & MEASUREMENTS | 6 × 2 cm.

CONDITION | Good condition, light scratches on the metal.

#ysl #brooch #jewels #vintage #eighties #250573","Broche rectangular YSL vintage de los años 80.

SOBRE | Broche vintage Yves Saint Laurent de los años 80. Diseño geométrico con tres elementos cuadrados dorados, cada uno engastado con una piedra de vidrio azul zafiro de corte cuadrado y gran impacto visual. El reverso finamente trabajado presenta motivo floral calado, firma “YSL” grabada e indicación Made in France.

TALLA Y MEDIDAS | 6 × 2 cm.

ESTADO | Buen estado, ligeros arañazos en el metal.

#ysl #brooch #jewels #vintage #eighties #250573","Broche rectangulaire YSL vintage des années 1980.

À PROPOS | Broche vintage Yves Saint Laurent datant des années 80. Design géométrique avec trois éléments carrés dorés, chacun serti d’une pierre en verre bleu saphir taille carrée, au fort impact visuel. Le dos finement travaillé présente un motif floral ajouré, la signature “YSL” gravée et la mention Made in France.

TAILLE & MESURES | 6 × 2 cm.

ÉTAT | Bon état, légères rayures sur le métal.

#ysl #brooch #jewels #vintage #eighties #250573",https://www.vinted.pt/items/9257524811,5,vinted_export/images/9257524811/01.webp | vinted_export/images/9257524811/02.webp | vinted_export/images/9257524811/03.webp | vinted_export/images/9257524811/04.webp | vinted_export/images/9257524811/05.webp,pt.bidnow@gmail.com,collectibles,Fashion,Used - Excellent,best-offer,30 days,flat-rate,15,no-returns,Lisboa,PT
7650908595,Scarpe scamosciate nere con tacco YSL,190,EUR,"Scarpe scamosciate nere con tacco YSL

ABOUT | Yves Saint Laurent scarpe con tacco largo e punta quadrata, in pelle scamosciata di colore nero. Un fiocco in nastro gros grain nero decora la punta della scarpa e dona un tocco di femminilità ad una calzatura dallo stile minimal e rigoroso. Scarpe vintage degli anni ‘90, made in Italy.

TAGLIA & MISURE | Tacchi YSL numero 38 ½ EU. Misure:

soletta interna cm 25
tacco cm 7

CONDIZIONI | Buone condizioni, qualche segno d’uso e lieve patina in punta.

#heelshoes #suede #shoes #ysl #yvessaintlaurent #240840 #chaussures","Sapatos YSL pretos em camurça com salto.

SOBRE | Sapatos Yves Saint Laurent de salto largo e biqueira quadrada, em camurça preta. Um laço em fita grosgrain preta decora a ponta, acrescentando feminilidade a um modelo minimalista e rigoroso. Vintage anos 1990, Made in Italy.

TAMANHO E MEDIDAS | EU 38½. Palmilha 25 cm; salto 7 cm.

ESTADO | Bom estado, alguns sinais de uso e ligeira pátina na ponta.

#heelshoes #suede #shoes #ysl #yvessaintlaurent #240840 #chaussures","Black suede YSL heeled shoes.

ABOUT | Yves Saint Laurent shoes with a wide heel and square toe, made from black suede. A black grosgrain ribbon bow decorates the toe, adding femininity to an otherwise minimalist, structured design. Vintage 1990s, Made in Italy.

SIZE & MEASUREMENTS | EU 38½. Insole 25 cm; heel 7 cm.

CONDITION | Good condition, some signs of wear and light patina at the toe.

#heelshoes #suede #shoes #ysl #yvessaintlaurent #240840 #chaussures","Zapatos YSL negros de ante con tacón.

SOBRE | Zapatos Yves Saint Laurent con tacón ancho y puntera cuadrada, en ante negro. Un lazo de cinta grosgrain negra decora la puntera, aportando feminidad a un diseño minimalista y riguroso. Vintage años 90, Made in Italy.

TALLA Y MEDIDAS | EU 38½. Plantilla 25 cm; tacón 7 cm.

ESTADO | Buen estado, algunos signos de uso y ligera pátina en la puntera.

#heelshoes #suede #shoes #ysl #yvessaintlaurent #240840 #chaussures","Chaussures YSL noires en daim à talon.

À PROPOS | Chaussures Yves Saint Laurent à talon large et bout carré, en daim noir. Un nœud en ruban gros-grain noir décore la pointe et apporte une touche féminine à un modèle minimal et structuré. Vintage années 1990, Made in Italy.

TAILLE & MESURES | EU 38½. Semelle intérieure 25 cm ; talon 7 cm.

ÉTAT | Bon état, quelques signes d’usage et légère patine à la pointe.

#heelshoes #suede #shoes #ysl #yvessaintlaurent #240840 #chaussures",https://www.vinted.pt/items/7650908595,5,vinted_export/images/7650908595/01.webp | vinted_export/images/7650908595/02.webp | vinted_export/images/7650908595/03.webp | vinted_export/images/7650908595/04.webp | vinted_export/images/7650908595/05.webp,pt.bidnow@gmail.com,collectibles,Fashion,Used - Excellent,best-offer,30 days,flat-rate,15,no-returns,Lisboa,PT
6338965357,Tailleur in denim YSL vintage 1990s,390,EUR,"Tailleur in denim YSL

ABOUT | Super completo vintage Yves Saint Laurent con blazer e gonna midi, in una inaspettata versione blue jeans con dettagli rossi. Giacca monopetto con due bottoni e tasche applicate. Gonna a matita, aderente sui fianchi, tasche oblique con impunture rosse. YSL anni 90, Made in France.

CONDIZIONI | Buone, minimi segni d’uso. Etichette di taglia e di tessuto non presenti.

TAGLIA & MISURE | Veste S

giacca:
spalle 40 cm
seno 44
manica 50
lunghezza 61

gonna:
vita 34
fianchi 47
lunghezza 59

TIPS | Il tailleur in denim YSL è il perfetto esempio di look casual chic, da indossare con una maglietta a righe dal gusto punk e scarpe rosse!

#230321 #ysl #yvessaintlaurent #tailleurjeans #tailleurdenim #outfitdenim #ensemble","Fato YSL em denim.

SOBRE | Conjunto vintage Yves Saint Laurent com blazer e saia midi, numa inesperada versão blue jeans com detalhes vermelhos. Casaco de peito simples com dois botões e bolsos aplicados. Saia lápis justa nas ancas, bolsos oblíquos com pespontos vermelhos. YSL anos 1990, Made in France.

ESTADO | Bom, sinais mínimos de uso. Sem etiquetas de tamanho e composição.

TAMANHO E MEDIDAS | Veste S. Casaco: ombros 40 cm; peito 44 cm; manga 50 cm; comprimento 61 cm. Saia: cintura 34 cm; ancas 47 cm; comprimento 59 cm.

DICA | O fato em denim YSL é um perfeito exemplo de casual chic, ideal com t-shirt às riscas de inspiração punk e sapatos vermelhos.

#230321 #ysl #yvessaintlaurent #tailleurjeans #tailleurdenim #outfitdenim #ensemble","YSL denim skirt suit.

ABOUT | Great vintage Yves Saint Laurent set with blazer and midi skirt in an unexpected blue-jeans version with red details. Single-breasted jacket with two buttons and patch pockets. Pencil skirt fitted at the hips, with slanted pockets and red topstitching. YSL 1990s, Made in France.

CONDITION | Good, minimal signs of use. Size and fabric labels are not present.

SIZE & MEASUREMENTS | Fits S. Jacket: shoulders 40 cm; chest 44 cm; sleeve 50 cm; length 61 cm. Skirt: waist 34 cm; hips 47 cm; length 59 cm.

TIP | The YSL denim suit is a perfect casual-chic look, ideal with a punk-inspired striped T-shirt and red shoes.

#230321 #ysl #yvessaintlaurent #tailleurjeans #tailleurdenim #outfitdenim #ensemble","Traje YSL de denim.

SOBRE | Estupendo conjunto vintage Yves Saint Laurent con blazer y falda midi, en una inesperada versión vaquera azul con detalles rojos. Chaqueta de botonadura simple con dos botones y bolsillos de parche. Falda lápiz ajustada a las caderas, bolsillos oblicuos con pespuntes rojos. YSL años 90, Made in France.

ESTADO | Bueno, mínimos signos de uso. No están las etiquetas de talla ni tejido.

TALLA Y MEDIDAS | Equivale a S. Chaqueta: hombros 40 cm; pecho 44 cm; manga 50 cm; largo 61 cm. Falda: cintura 34 cm; caderas 47 cm; largo 59 cm.

CONSEJO | El traje denim YSL es un perfecto ejemplo de look casual chic, ideal con camiseta de rayas de inspiración punk y zapatos rojos.

#230321 #ysl #yvessaintlaurent #tailleurjeans #tailleurdenim #outfitdenim #ensemble","Tailleur YSL en denim.

À PROPOS | Superbe ensemble vintage Yves Saint Laurent avec blazer et jupe midi, dans une version blue-jeans inattendue avec détails rouges. Veste simple boutonnage à deux boutons et poches plaquées. Jupe crayon ajustée aux hanches, poches obliques avec surpiqûres rouges. YSL années 1990, Made in France.

ÉTAT | Bon, signes d’usage minimes. Étiquettes de taille et de tissu absentes.

TAILLE & MESURES | Convient à S. Veste : épaules 40 cm ; poitrine 44 cm ; manche 50 cm ; longueur 61 cm. Jupe : taille 34 cm ; hanches 47 cm ; longueur 59 cm.

CONSEIL | Le tailleur denim YSL est un parfait exemple de look casual chic, idéal avec un T-shirt rayé d’inspiration punk et des chaussures rouges.

#230321 #ysl #yvessaintlaurent #tailleurjeans #tailleurdenim #outfitdenim #ensemble",https://www.vinted.pt/items/6338965357,5,vinted_export/images/6338965357/01.webp | vinted_export/images/6338965357/02.webp | vinted_export/images/6338965357/03.webp | vinted_export/images/6338965357/04.webp | vinted_export/images/6338965357/05.webp,pt.bidnow@gmail.com,collectibles,Fashion,Used - Excellent,best-offer,30 days,flat-rate,15,no-returns,Lisboa,PT
8303852062,YSL tailleur verde vintage anno 1994,350,EUR,"YSL tailleur verde con giacca doppiopetto 1994

ABOUT | Tailleur vintage Yves Saint Laurent Variation composto da giacca strutturata e gonna coordinata, primavera-estate 1994. La giacca presenta linea minimal con spalle definite, scollo tondo e chiusura doppiopetto impreziosita da bottoni dorati lucidi che creano un bel contrasto con il colore verde smeraldo, mentre la gonna a tubino completa l’insieme con eleganza. Tessuto 100% lana, made in France

TAGLIA & MISURE | Taglia FR 40. Misure:

Giacca:
spalle 41 cm	                                    
seno 47 cm                                 
manica 54 cm                         
lunghezza 69 cm                   
vita 43 cm  

Gonna:
vita 35 cm 
fianchi 44 cm
lunghezza 63 cm  

CONDIZIONI | Il tailleur vintage YSL è in ottime condizioni, minimi segni d'uso, piccoli puntini.

LABELS | Ci sono tutte le etichette.

TIPS | Pensato per chi desidera un capo che valorizzi la figura e permetta di costruire outfit impeccabili da lavoro o per occasioni speciali

#YSL #YvesSaintLaurent #doublebreasted #green #skirtsuit #260056","Fato YSL verde com casaco trespassado, 1994.

SOBRE | Fato vintage Yves Saint Laurent Variation composto por casaco estruturado e saia a condizer, primavera-verão 1994. O casaco tem linha minimal, ombros definidos, decote redondo e fecho trespassado com botões dourados brilhantes, em contraste com o verde-esmeralda. A saia lápis completa o conjunto com elegância. 100% lã, Made in France.

TAMANHO E MEDIDAS | FR 40. Casaco: ombros 41 cm; peito 47 cm; manga 54 cm; comprimento 69 cm; cintura 43 cm. Saia: cintura 35 cm; ancas 44 cm; comprimento 63 cm.

ESTADO | Excelente estado, sinais mínimos de uso e pequenos pontinhos.

ETIQUETAS | Todas presentes.

DICA | Ideal para valorizar a silhueta e criar looks impecáveis de trabalho ou ocasiões especiais.

#YSL #YvesSaintLaurent #doublebreasted #green #skirtsuit #260056","Green YSL double-breasted skirt suit, 1994.

ABOUT | Vintage Yves Saint Laurent Variation suit consisting of a structured jacket and matching skirt, Spring-Summer 1994. The jacket has a minimalist line with defined shoulders, round neckline and double-breasted fastening with shiny gold-tone buttons contrasting beautifully with the emerald green. A pencil skirt completes the set elegantly. 100% wool, Made in France.

SIZE & MEASUREMENTS | FR 40. Jacket: shoulders 41 cm; chest 47 cm; sleeve 54 cm; length 69 cm; waist 43 cm. Skirt: waist 35 cm; hips 44 cm; length 63 cm.

CONDITION | Excellent condition, minimal signs of wear and a few tiny spots.

LABELS | All labels are present.

TIP | Designed to flatter the figure and create impeccable work or special-occasion outfits.

#YSL #YvesSaintLaurent #doublebreasted #green #skirtsuit #260056","Traje YSL verde con chaqueta cruzada, 1994.

SOBRE | Traje vintage Yves Saint Laurent Variation compuesto por chaqueta estructurada y falda a juego, primavera-verano 1994. La chaqueta tiene línea minimalista, hombros definidos, escote redondo y cierre cruzado con botones dorados brillantes que contrastan con el verde esmeralda. La falda lápiz completa el conjunto con elegancia. 100 % lana, Made in France.

TALLA Y MEDIDAS | FR 40. Chaqueta: hombros 41 cm; pecho 47 cm; manga 54 cm; largo 69 cm; cintura 43 cm. Falda: cintura 35 cm; caderas 44 cm; largo 63 cm.

ESTADO | Excelente estado, mínimos signos de uso y pequeños puntitos.

ETIQUETAS | Están todas.

CONSEJO | Pensado para realzar la figura y crear looks impecables de trabajo o para ocasiones especiales.

#YSL #YvesSaintLaurent #doublebreasted #green #skirtsuit #260056","Tailleur YSL vert avec veste croisée, 1994.

À PROPOS | Tailleur vintage Yves Saint Laurent Variation composé d’une veste structurée et d’une jupe coordonnée, printemps-été 1994. La veste présente une ligne minimaliste avec épaules définies, encolure ronde et fermeture croisée rehaussée de boutons dorés brillants, contrastant avec le vert émeraude. La jupe crayon complète l’ensemble avec élégance. 100 % laine, Made in France.

TAILLE & MESURES | FR 40. Veste : épaules 41 cm ; poitrine 47 cm ; manche 54 cm ; longueur 69 cm ; taille 43 cm. Jupe : taille 35 cm ; hanches 44 cm ; longueur 63 cm.

ÉTAT | Excellent état, signes d’usage minimes et quelques petits points.

ÉTIQUETTES | Toutes les étiquettes sont présentes.

CONSEIL | Pensé pour mettre la silhouette en valeur et créer des tenues impeccables pour le travail ou les occasions spéciales.

#YSL #YvesSaintLaurent #doublebreasted #green #skirtsuit #260056",https://www.vinted.pt/items/8303852062,5,vinted_export/images/8303852062/01.webp | vinted_export/images/8303852062/02.webp | vinted_export/images/8303852062/03.webp | vinted_export/images/8303852062/04.webp | vinted_export/images/8303852062/05.webp,pt.bidnow@gmail.com,collectibles,Fashion,Used - Excellent,best-offer,30 days,flat-rate,15,no-returns,Lisboa,PT
9944955132,Pintalabios YSL,12,EUR,Tono Candy Glow,Tom Candy Glow.,Candy Glow shade.,Tono Candy Glow.,Teinte Candy Glow.,https://www.vinted.pt/items/9944955132-pintalabios-ysl,5,vinted_export/images/9944955132/01.webp | vinted_export/images/9944955132/02.webp | vinted_export/images/9944955132/03.webp | vinted_export/images/9944955132/04.webp | vinted_export/images/9944955132/05.webp,pt.bidnow@gmail.com,collectibles,Fashion,Used - Excellent,best-offer,30 days,flat-rate,15,no-returns,Lisboa,PT
9935047998,Couture face palette blush Yves saint Laurent,112,EUR,"Neuf avec sa boîte 
Palette golden oasis","Nova com caixa.
Paleta Golden Oasis.","New with box.
Golden Oasis palette.","Nueva con su caja.
Paleta Golden Oasis.","Neuve avec sa boîte.
Palette Golden Oasis.",https://www.vinted.pt/items/9935047998-couture-face-palette-blush-yves-saint-laurent,5,vinted_export/images/9935047998/01.webp | vinted_export/images/9935047998/02.webp | vinted_export/images/9935047998/03.webp | vinted_export/images/9935047998/04.webp | vinted_export/images/9935047998/05.webp,pt.bidnow@gmail.com,collectibles,Fashion,Used - Excellent,best-offer,30 days,flat-rate,15,no-returns,Lisboa,PT
9950707144,Ysl Fondo Tinta All hours 1 ml- 10,7,EUR,10 bustine fondotinta,10 saquetas de base.,10 foundation sachets.,10 sobres de base de maquillaje.,10 sachets de fond de teint.,https://www.vinted.pt/items/9950707144-ysl-fondo-tinta-all-hours-1-ml-10,5,vinted_export/images/9950707144/01.webp | vinted_export/images/9950707144/02.webp | vinted_export/images/9950707144/03.webp | vinted_export/images/9950707144/04.webp | vinted_export/images/9950707144/05.webp,pt.bidnow@gmail.com,collectibles,Fashion,Used - Excellent,best-offer,30 days,flat-rate,15,no-returns,Lisboa,PT
9949303352,YSL Skin Affinity Soft Glow Cushion Foundation DW5.5,25,EUR,"Je vends ce fond de teint coussin Yves Saint Laurent (YSL) Skin Affinity Soft Glow Cushion Foundation teinte DW5.5.

* Effet glowy naturel et lumineux
* Texture légère et confortable
* Boîtier couture rose poudré avec logo YSL doré
* Teinte : DW5.5
* Contenance indiquée : 14 g
* idéal  pour les amatrices de maquillage YSL et de teint lumineux.

Ouvert pour voir et essayer la teinte mais il ne ne me  convient pas 
Plus l emballage je n ai que m option neuf avec étiquette sur Vinted 
Il est neuf sans étiquette","Vendo esta base cushion Yves Saint Laurent (YSL) Skin Affinity Soft Glow Cushion Foundation, tom DW5.5.

• Efeito glow natural e luminoso
• Textura leve e confortável
• Estojo couture rosa-pó com logótipo YSL dourado
• Tom: DW5.5
• Conteúdo indicado: 14 g
• Ideal para quem gosta de maquilhagem YSL e de uma tez luminosa.

Foi aberta apenas para ver e experimentar o tom, mas não me serve. Tenho também a embalagem. No Vinted só tenho a opção “novo com etiqueta”, mas o produto é novo sem etiqueta.","I’m selling this Yves Saint Laurent (YSL) Skin Affinity Soft Glow Cushion Foundation in shade DW5.5.

• Natural, luminous glow effect
• Lightweight and comfortable texture
• Powder-pink couture compact with gold-tone YSL logo
• Shade: DW5.5
• Stated content: 14 g
• Ideal for YSL makeup lovers and a luminous complexion.

Opened only to see and try the shade, but it doesn’t suit me. The packaging is included. Vinted only gives me the option “new with tags,” but it is new without tags.","Vendo esta base cushion Yves Saint Laurent (YSL) Skin Affinity Soft Glow Cushion Foundation en tono DW5.5.

• Efecto glow natural y luminoso
• Textura ligera y cómoda
• Estuche couture rosa empolvado con logotipo YSL dorado
• Tono: DW5.5
• Contenido indicado: 14 g
• Ideal para amantes del maquillaje YSL y de una tez luminosa.

Abierta únicamente para ver y probar el tono, pero no me va bien. Incluye el embalaje. En Vinted solo tengo la opción “nuevo con etiqueta”, pero es nuevo sin etiqueta.","Je vends ce fond de teint cushion Yves Saint Laurent (YSL) Skin Affinity Soft Glow Cushion Foundation, teinte DW5.5.

• Effet glowy naturel et lumineux
• Texture légère et confortable
• Boîtier couture rose poudré avec logo YSL doré
• Teinte : DW5.5
• Contenance indiquée : 14 g
• Idéal pour les amatrices de maquillage YSL et de teint lumineux.

Ouvert uniquement pour voir et essayer la teinte, mais elle ne me convient pas. Emballage inclus. Sur Vinted je n’ai que l’option “neuf avec étiquette”, mais il est neuf sans étiquette.",https://www.vinted.pt/items/9949303352-ysl-skin-affinity-soft-glow-cushion-foundation-dw55,5,vinted_export/images/9949303352/01.webp | vinted_export/images/9949303352/02.webp | vinted_export/images/9949303352/03.webp | vinted_export/images/9949303352/04.webp | vinted_export/images/9949303352/05.webp,pt.bidnow@gmail.com,collectibles,Fashion,Used - Excellent,best-offer,30 days,flat-rate,15,no-returns,Lisboa,PT
9945670768,Collier doré cordon noir Yves Saint Laurent pendentif cœur en parfait état.,120,EUR,Mesures cordon: 50 cm et pendentif: 5 cm.,Medidas do cordão: 50 cm; pendente: 5 cm.,Cord length: 50 cm; pendant: 5 cm.,Medidas del cordón: 50 cm; colgante: 5 cm.,Mesures du cordon : 50 cm ; pendentif : 5 cm.,https://www.vinted.pt/items/9945670768-collier-dore-cordon-noir-yves-saint-laurent-pendentif-coeur-en-parfait-etat,5,vinted_export/images/9945670768/01.webp | vinted_export/images/9945670768/02.webp | vinted_export/images/9945670768/03.webp | vinted_export/images/9945670768/04.webp | vinted_export/images/9945670768/05.webp,pt.bidnow@gmail.com,collectibles,Fashion,Used - Excellent,best-offer,30 days,flat-rate,15,no-returns,Lisboa,PT
9949863692,Parfum Black Opium Yves Saint Laurent - Eau de Parfum 30 ml (Neuf),39,EUR,"Parfum authentique - Neuf sous blister 
​Marque : Yves Saint Laurent (YSL)
​Modèle : Black Opium - Eau de Parfum
​Contenance : 30 ml / 1 fl. oz.
​État : Neuf, jamais ouvert, encore scellé dans son emballage d'origine (sous blister).
​Code batch / Référence : 38YN00 (visible sur les photos).
Famille olfactive : Orientale Vanillée / Gourmande","Perfume autêntico — novo e selado.
Marca: Yves Saint Laurent (YSL)
Modelo: Black Opium — Eau de Parfum
Conteúdo: 30 ml / 1 fl. oz.
Estado: novo, nunca aberto, ainda selado na embalagem original.
Código batch / referência: 38YN00 (visível nas fotos).
Família olfativa: oriental baunilhada / gourmand.","Authentic perfume — new and sealed.
Brand: Yves Saint Laurent (YSL)
Model: Black Opium — Eau de Parfum
Volume: 30 ml / 1 fl. oz.
Condition: new, never opened, still sealed in original packaging.
Batch code / reference: 38YN00 (visible in the photos).
Fragrance family: Oriental Vanilla / Gourmand.","Perfume auténtico — nuevo y precintado.
Marca: Yves Saint Laurent (YSL)
Modelo: Black Opium — Eau de Parfum
Contenido: 30 ml / 1 fl. oz.
Estado: nuevo, nunca abierto, aún precintado en su embalaje original.
Código batch / referencia: 38YN00 (visible en las fotos).
Familia olfativa: oriental avainillada / gourmand.","Parfum authentique — neuf sous blister.
Marque : Yves Saint Laurent (YSL)
Modèle : Black Opium — Eau de Parfum
Contenance : 30 ml / 1 fl. oz.
État : neuf, jamais ouvert, encore scellé dans son emballage d’origine.
Code batch / référence : 38YN00 (visible sur les photos).
Famille olfactive : orientale vanillée / gourmande.",https://www.vinted.pt/items/9949863692-parfum-black-opium-yves-saint-laurent-eau-de-parfum-30-ml-neuf,5,vinted_export/images/9949863692/01.webp | vinted_export/images/9949863692/02.webp | vinted_export/images/9949863692/03.webp | vinted_export/images/9949863692/04.webp | vinted_export/images/9949863692/05.webp,pt.bidnow@gmail.com,collectibles,Fashion,Used - Excellent,best-offer,30 days,flat-rate,15,no-returns,Lisboa,PT
9914180094,Magnifique sac Yves Saint Laurent vintage excellent état,120,EUR,"Pas de vinted go merci

Sac porté épaule en toile et en cuir 
Toile de couleur bleu et la partie cuir noir.
La toile externe est bien épaisse elle est en excellent état, le cuir est magnifique est un excellent état aussi 
À l'intérieur un grand compartiment et une poche zippée, interne est un excellent état et épaisse 
Dimensions : 
largeur 27 cm, hauteur 22 cm,  épaisseur 5 cm, hauteur de la lanière environ 30 cm

Sac d'occasion avec quelques traces d'usure illustrées sur les photos 

Magnifique et très bien conservé tout le long de ces années

Envoi soigné","Sem Vinted Go, obrigado.

Mala de ombro em lona e pele. Lona azul e parte em pele preta. A lona exterior é espessa e está em excelente estado; a pele também está magnífica e em excelente estado. No interior há um compartimento grande e um bolso com fecho; o interior é espesso e está em excelente estado.

Dimensões: largura 27 cm, altura 22 cm, profundidade 5 cm, altura da alça cerca de 30 cm.

Mala usada com alguns sinais de desgaste mostrados nas fotografias.

Magnífica e muito bem conservada ao longo dos anos.

Envio cuidado.","No Vinted Go, thank you.

Shoulder bag in canvas and leather. Blue canvas with black leather sections. The outer canvas is thick and in excellent condition; the leather is also beautiful and in excellent condition. Inside there is one large compartment and a zipped pocket; the interior is thick and in excellent condition.

Dimensions: width 27 cm, height 22 cm, depth 5 cm, strap drop approximately 30 cm.

Pre-owned bag with a few signs of wear shown in the photos.

Beautiful and very well preserved over the years.

Careful shipping.","Sin Vinted Go, gracias.

Bolso de hombro de lona y piel. Lona azul y partes de piel negra. La lona exterior es gruesa y está en excelente estado; la piel también está preciosa y en excelente estado. En el interior hay un compartimento grande y un bolsillo con cremallera; el interior es grueso y está en excelente estado.

Dimensiones: ancho 27 cm, alto 22 cm, fondo 5 cm, caída de la correa aprox. 30 cm.

Bolso usado con algunos signos de desgaste mostrados en las fotos.

Precioso y muy bien conservado a lo largo de los años.

Envío cuidadoso.","Pas de Vinted Go, merci.

Sac porté épaule en toile et cuir. Toile bleue et parties en cuir noir. La toile extérieure est épaisse et en excellent état ; le cuir est également magnifique et en excellent état. À l’intérieur, un grand compartiment et une poche zippée ; l’intérieur est épais et en excellent état.

Dimensions : largeur 27 cm, hauteur 22 cm, profondeur 5 cm, hauteur de lanière environ 30 cm.

Sac d’occasion avec quelques traces d’usure illustrées sur les photos.

Magnifique et très bien conservé au fil des années.

Envoi soigné.",https://www.vinted.pt/items/9914180094-magnifique-sac-yves-saint-laurent-vintage-excellent-etat,5,vinted_export/images/9914180094/01.webp | vinted_export/images/9914180094/02.webp | vinted_export/images/9914180094/03.webp | vinted_export/images/9914180094/04.webp | vinted_export/images/9914180094/05.webp,pt.bidnow@gmail.com,collectibles,Fashion,Used - Excellent,best-offer,30 days,flat-rate,15,no-returns,Lisboa,PT
9901336319,Breloque Yves saint Laurent,15,EUR,"Breloque originale fournie avec son étui en tissu velours
Offerte avec le parfum","Berloque original fornecido com estojo em tecido de veludo.
Foi oferecido com o perfume.","Original charm supplied with its velvet-fabric pouch.
It was offered with the perfume.","Colgante original con su estuche de tela de terciopelo.
Se entregaba con el perfume.","Breloque originale fournie avec son étui en tissu velours.
Offerte avec le parfum.",https://www.vinted.pt/items/9901336319-breloque-yves-saint-laurent,5,vinted_export/images/9901336319/01.webp | vinted_export/images/9901336319/02.webp | vinted_export/images/9901336319/03.webp | vinted_export/images/9901336319/04.webp | vinted_export/images/9901336319/05.webp,pt.bidnow@gmail.com,collectibles,Fashion,Used - Excellent,best-offer,30 days,flat-rate,15,no-returns,Lisboa,PT
9949698121,Pochette YSL,15,EUR,Parfait état,Perfeito estado.,Perfect condition.,Perfecto estado.,Parfait état.,https://www.vinted.pt/items/9949698121-pochette-ysl,5,vinted_export/images/9949698121/01.webp | vinted_export/images/9949698121/02.webp | vinted_export/images/9949698121/03.webp | vinted_export/images/9949698121/04.webp | vinted_export/images/9949698121/05.webp,pt.bidnow@gmail.com,collectibles,Fashion,Used - Excellent,best-offer,30 days,flat-rate,15,no-returns,Lisboa,PT
9933662376,Rouge à lèvres YSL,17,EUR,"Teinte 14

30€ à l’achat de 2","Tom 14.

30 € na compra de 2.","Shade 14.

€30 when purchasing 2.","Tono 14.

30 € al comprar 2.","Teinte 14.

30 € à l’achat de 2.",https://www.vinted.pt/items/9933662376-rouge-a-levres-ysl,5,vinted_export/images/9933662376/01.webp | vinted_export/images/9933662376/02.webp | vinted_export/images/9933662376/03.webp | vinted_export/images/9933662376/04.webp | vinted_export/images/9933662376/05.webp,pt.bidnow@gmail.com,collectibles,Fashion,Used - Excellent,best-offer,30 days,flat-rate,15,no-returns,Lisboa,PT
9935897858,Minisize edp Libre di Yves SaintLaurent,13,EUR,Minisizi Edp Libre di Yves saint Laurent. 7.5 ml,"Miniatura de Eau de Parfum Libre Yves Saint Laurent. 7,5 ml.",Miniature Yves Saint Laurent Libre Eau de Parfum. 7.5 ml.,"Miniatura de Eau de Parfum Libre de Yves Saint Laurent. 7,5 ml.","Miniature Eau de Parfum Libre Yves Saint Laurent. 7,5 ml.",https://www.vinted.pt/items/9935897858-minisize-edp-libre-di-yves-saintlaurent,5,vinted_export/images/9935897858/01.webp | vinted_export/images/9935897858/02.webp | vinted_export/images/9935897858/03.webp | vinted_export/images/9935897858/04.webp | vinted_export/images/9935897858/05.webp,pt.bidnow@gmail.com,collectibles,Fashion,Used - Excellent,best-offer,30 days,flat-rate,15,no-returns,Lisboa,PT
9928645842,Caixa vazia Yves Saint Laurent Libre Eau de Parfum Intense 90 ml,5,EUR,"Vendo apenas a caixa original do perfume Yves Saint Laurent Libre Eau de Parfum Intense 90 ml.

Não inclui frasco nem perfume. Caixa em bom estado geral, com alguns sinais normais de manuseamento, conforme as fotografias. Ideal para coleção, decoração ou para quem precise da embalagem original.","Vendo apenas a caixa original do perfume Yves Saint Laurent Libre Eau de Parfum Intense 90 ml.

Não inclui frasco nem perfume. Caixa em bom estado geral, com alguns sinais normais de manuseamento, conforme as fotografias. Ideal para coleção, decoração ou para quem precise da embalagem original.","I am selling only the original box for the Yves Saint Laurent Libre Eau de Parfum Intense 90 ml.

Bottle and perfume are not included. The box is in good overall condition, with some normal signs of handling as shown in the photos. Ideal for a collection, decoration or someone who needs the original packaging.","Vendo únicamente la caja original del perfume Yves Saint Laurent Libre Eau de Parfum Intense 90 ml.

No incluye frasco ni perfume. Caja en buen estado general, con algunos signos normales de manipulación, como se ve en las fotos. Ideal para colección, decoración o para quien necesite el embalaje original.","Je vends uniquement la boîte d’origine du parfum Yves Saint Laurent Libre Eau de Parfum Intense 90 ml.

Le flacon et le parfum ne sont pas inclus. Boîte en bon état général, avec quelques traces normales de manipulation visibles sur les photos. Idéale pour une collection, la décoration ou pour quelqu’un qui a besoin de l’emballage d’origine.",https://www.vinted.pt/items/9928645842-caixa-vazia-yves-saint-laurent-libre-eau-de-parfum-intense-90-ml,5,vinted_export/images/9928645842/01.webp | vinted_export/images/9928645842/02.webp | vinted_export/images/9928645842/03.webp | vinted_export/images/9928645842/04.webp | vinted_export/images/9928645842/05.webp,pt.bidnow@gmail.com,collectibles,Fashion,Used - Excellent,best-offer,30 days,flat-rate,15,no-returns,Lisboa,PT
9949576912,YSL Libre le Parfum 🪻,55,EUR,"Paar keer gebruikt, zie laatste foto. Blijft al een tijdje ongebruikt staan. 90ml fles zit nog ongeveer 85 ml in. Zonder doosje.🪻🪻🪻🪻🪻🪻","Usado algumas vezes, ver última fotografia. Está sem uso há algum tempo. Frasco de 90 ml com cerca de 85 ml restantes. Sem caixa. 🪻🪻🪻🪻🪻🪻",Used a few times; see the last photo. It has been sitting unused for a while. 90 ml bottle with approximately 85 ml remaining. No box. 🪻🪻🪻🪻🪻🪻,Usado algunas veces; ver la última foto. Lleva un tiempo sin usarse. Frasco de 90 ml con aproximadamente 85 ml restantes. Sin caja. 🪻🪻🪻🪻🪻🪻,"Utilisé quelques fois, voir la dernière photo. Il est resté inutilisé depuis un certain temps. Flacon de 90 ml avec environ 85 ml restants. Sans boîte. 🪻🪻🪻🪻🪻🪻",https://www.vinted.pt/items/9949576912-ysl-libre-le-parfum,5,vinted_export/images/9949576912/01.webp | vinted_export/images/9949576912/02.webp | vinted_export/images/9949576912/03.webp | vinted_export/images/9949576912/04.webp | vinted_export/images/9949576912/05.webp,pt.bidnow@gmail.com,collectibles,Fashion,Used - Excellent,best-offer,30 days,flat-rate,15,no-returns,Lisboa,PT
9947136392,saint laurent lunettes de soleil,60,EUR,En excellent etat Voir photos,Em excelente estado. Ver fotografias.,In excellent condition. See photos.,En excelente estado. Ver fotos.,En excellent état. Voir photos.,https://www.vinted.pt/items/9947136392-saint-laurent-lunettes-de-soleil,5,vinted_export/images/9947136392/01.webp | vinted_export/images/9947136392/02.webp | vinted_export/images/9947136392/03.webp | vinted_export/images/9947136392/04.webp | vinted_export/images/9947136392/05.webp,pt.bidnow@gmail.com,collectibles,Fashion,Used - Excellent,best-offer,30 days,flat-rate,15,no-returns,Lisboa,PT
9938451703,Petite trousse noire à maquillages ou autre Yves Saint laurent,9,EUR,"Petite trousse noire 
Neuve, jamais utilise 

Yves Saint Laurent parfums 

( la personne qui a acheté ne répondait pas, n'a pas récupéré le colis ) donc je le remets à vendre 

Envoi rapide et soigné","Pequena bolsa preta.
Nova, nunca utilizada.

Yves Saint Laurent Parfums.

(A pessoa que comprou não respondeu e não levantou a encomenda), por isso estou a colocá-la novamente à venda.

Envio rápido e cuidado.","Small black pouch.
New, never used.

Yves Saint Laurent Parfums.

(The person who bought it did not reply and did not collect the parcel), so I am listing it for sale again.

Fast and careful shipping.","Pequeño neceser negro.
Nuevo, nunca usado.

Yves Saint Laurent Parfums.

(La persona que lo compró no respondió y no recogió el paquete), así que lo vuelvo a poner a la venta.

Envío rápido y cuidadoso.","Petite trousse noire.
Neuve, jamais utilisée.

Yves Saint Laurent Parfums.

(La personne qui l’a achetée ne répondait pas et n’a pas récupéré le colis), donc je la remets à vendre.

Envoi rapide et soigné.",https://www.vinted.pt/items/9938451703-petite-trousse-noire-a-maquillages-ou-autre-yves-saint-laurent,5,vinted_export/images/9938451703/01.webp | vinted_export/images/9938451703/02.webp | vinted_export/images/9938451703/03.webp | vinted_export/images/9938451703/04.webp | vinted_export/images/9938451703/05.webp,pt.bidnow@gmail.com,collectibles,Fashion,Used - Excellent,best-offer,30 days,flat-rate,15,no-returns,Lisboa,PT
9939323870,Mini ceinture Yves saint Laurent avec médaillon,105,EUR,"Cuir extérieur en parfait état, usures au niveau des trous à l'intérieur (voir photos)
Pour un 34/36 - 75cm","Pele exterior em perfeito estado; desgaste na zona dos furos no interior (ver fotografias).
Para tamanho 34/36 — 75 cm.","Outer leather in perfect condition; wear around the holes on the inside (see photos).
For size 34/36 — 75 cm.","Piel exterior en perfecto estado; desgaste en la zona de los agujeros en el interior (ver fotos).
Para talla 34/36 — 75 cm.","Cuir extérieur en parfait état ; usures au niveau des trous à l’intérieur (voir photos).
Pour un 34/36 — 75 cm.",https://www.vinted.pt/items/9939323870-mini-ceinture-yves-saint-laurent-avec-medaillon,5,vinted_export/images/9939323870/01.webp | vinted_export/images/9939323870/02.webp | vinted_export/images/9939323870/03.webp | vinted_export/images/9939323870/04.webp | vinted_export/images/9939323870/05.webp,pt.bidnow@gmail.com,collectibles,Fashion,Used - Excellent,best-offer,30 days,flat-rate,15,no-returns,Lisboa,PT
9945480180,Bolso blanco.,10,EUR,Bolso blanco de hombro.,Mala branca de ombro.,White shoulder bag.,Bolso blanco de hombro.,Sac à l’épaule blanc.,https://www.vinted.pt/items/9945480180-bolso-blanco,5,vinted_export/images/9945480180/01.webp | vinted_export/images/9945480180/02.webp | vinted_export/images/9945480180/03.webp | vinted_export/images/9945480180/04.webp | vinted_export/images/9945480180/05.webp,pt.bidnow@gmail.com,collectibles,Fashion,Used - Excellent,best-offer,30 days,flat-rate,15,no-returns,Lisboa,PT
9890922552,Yves Saint Laurent BabyCat 125ML,180,EUR,"Il s’agit de la collection privée Yves Saint Laurent, du BabyCat.
Il est neuf sous blister.
Le produit a été acheté sur YSL BEAUTY, facture d’achat à l’appui.","Trata-se da coleção privada Yves Saint Laurent, Babycat.
Novo e selado.
O produto foi comprado na YSL BEAUTY; tenho fatura de compra como comprovativo.","This is from the Yves Saint Laurent private collection, Babycat.
New and sealed.
The product was purchased from YSL BEAUTY; purchase invoice available as proof.","Se trata de la colección privada Yves Saint Laurent, Babycat.
Nuevo y precintado.
El producto se compró en YSL BEAUTY; dispongo de factura de compra como comprobante.","Il s’agit de la collection privée Yves Saint Laurent, Babycat.
Neuf sous blister.
Le produit a été acheté sur YSL BEAUTY, facture d’achat à l’appui.",https://www.vinted.pt/items/9890922552-yves-saint-laurent-babycat-125ml,5,vinted_export/images/9890922552/01.webp | vinted_export/images/9890922552/02.webp | vinted_export/images/9890922552/03.webp | vinted_export/images/9890922552/04.webp | vinted_export/images/9890922552/05.webp,pt.bidnow@gmail.com,collectibles,Fashion,Used - Excellent,best-offer,30 days,flat-rate,15,no-returns,Lisboa,PT
9950293518,Lip Blusher Yves Saint Laurent neuf sans la boite 25 euros l'unité.,25,EUR,Ysl Lovenude Lip Blusher 5 teintes différentes 25 euros l'unité neuf dans la boîte n'hésitez pas à demander pour plus de renseignements ou photos.,"YSL Lovenude Lip Blusher, 5 tons diferentes. 25 € por unidade, novos na caixa. Não hesite em pedir mais informações ou fotografias.","YSL Lovenude Lip Blusher, 5 different shades. €25 each, new in box. Feel free to ask for more information or photos.","YSL Lovenude Lip Blusher, 5 tonos diferentes. 25 € la unidad, nuevos en caja. No dudes en pedir más información o fotos.","YSL Lovenude Lip Blusher, 5 teintes différentes. 25 € l’unité, neufs dans la boîte. N’hésitez pas à demander plus de renseignements ou de photos.",https://www.vinted.pt/items/9950293518-lip-blusher-yves-saint-laurent-neuf-sans-la-boite-25-euros-lunite,5,vinted_export/images/9950293518/01.webp | vinted_export/images/9950293518/02.webp | vinted_export/images/9950293518/03.webp | vinted_export/images/9950293518/04.webp | vinted_export/images/9950293518/05.webp,pt.bidnow@gmail.com,collectibles,Fashion,Used - Excellent,best-offer,30 days,flat-rate,15,no-returns,Lisboa,PT
9946245108,YSL small all black loulou bag,600,EUR,Zo goed als nieuw. Origineel en in goede staat. Doos en stofzak zit er ook bij.,Como novo. Original e em bom estado. Inclui também caixa e dust bag.,Like new. Original and in good condition. Box and dust bag are also included.,Como nuevo. Original y en buen estado. También incluye caja y guardapolvo.,Comme neuf. Original et en bon état. Boîte et dust bag également inclus.,https://www.vinted.pt/items/9946245108-ysl-small-all-black-loulou-bag,5,vinted_export/images/9946245108/01.webp | vinted_export/images/9946245108/02.webp | vinted_export/images/9946245108/03.webp | vinted_export/images/9946245108/04.webp | vinted_export/images/9946245108/05.webp,pt.bidnow@gmail.com,collectibles,Fashion,Used - Excellent,best-offer,30 days,flat-rate,15,no-returns,Lisboa,PT
9204081088,LouLou bag YSL nera con loro argento,780,EUR,"Saint Laurent Loulou nera in pelle matelassé con iconico logo YSL argentato, ho la dustbag, la fattura del precedente proprietario ed è gia stato verificato da vinted. Vendo solo con verifica dell’articolo, per tutelare ambe le parti.","Saint Laurent Loulou preta em pele matelassé com o icónico logótipo YSL prateado. Tenho o dust bag e a fatura do proprietário anterior, e já foi verificada pela Vinted. Vendo apenas com verificação do artigo, para proteger ambas as partes.","Black Saint Laurent Loulou in quilted leather with the iconic silver-tone YSL logo. I have the dust bag and the previous owner’s invoice, and it has already been verified by Vinted. I will only sell with item verification, to protect both parties.","Saint Laurent Loulou negra de piel acolchada con el icónico logotipo YSL plateado. Tengo el guardapolvo y la factura del propietario anterior, y ya ha sido verificada por Vinted. Solo vendo con verificación del artículo, para proteger a ambas partes.","Saint Laurent Loulou noire en cuir matelassé avec l’iconique logo YSL argenté. Je possède le dust bag et la facture du précédent propriétaire, et elle a déjà été vérifiée par Vinted. Je vends uniquement avec vérification de l’article, afin de protéger les deux parties.",https://www.vinted.pt/items/9204081088-loulou-bag-ysl-nera-con-loro-argento,5,vinted_export/images/9204081088/01.webp | vinted_export/images/9204081088/02.webp | vinted_export/images/9204081088/03.webp | vinted_export/images/9204081088/04.webp | vinted_export/images/9204081088/05.webp,pt.bidnow@gmail.com,collectibles,Fashion,Used - Excellent,best-offer,30 days,flat-rate,15,no-returns,Lisboa,PT
9951683708,"YSL Libre - 7,5ml",12.5,EUR,"Nieuw en ongebruikt
7,5 ml miniatuurflesje","Novo e nunca utilizado.
Frasco miniatura de 7,5 ml.","New and unused.
7.5 ml miniature bottle.","Nuevo y sin usar.
Frasco miniatura de 7,5 ml.","Neuf et jamais utilisé.
Flacon miniature de 7,5 ml.",https://www.vinted.pt/items/9951683708-ysl-libre-75ml,5,vinted_export/images/9951683708/01.webp | vinted_export/images/9951683708/02.webp | vinted_export/images/9951683708/03.webp | vinted_export/images/9951683708/04.webp | vinted_export/images/9951683708/05.webp,pt.bidnow@gmail.com,collectibles,Fashion,Used - Excellent,best-offer,30 days,flat-rate,15,no-returns,Lisboa,PT
9764121938,YvesSaintLaurent 6 Place Saint Sulplice,195,EUR,"YvesSaintLaurent 6 Place Saint Sulplice
125 ml
Eau de parfum
Stato : 
NUOVO ORIGINALE e SIGILLATO","Yves Saint Laurent 6 Place Saint Sulpice.
125 ml.
Eau de Parfum.
Estado: NOVO, ORIGINAL e SELADO.","Yves Saint Laurent 6 Place Saint Sulpice.
125 ml.
Eau de Parfum.
Condition: NEW, ORIGINAL and SEALED.","Yves Saint Laurent 6 Place Saint Sulpice.
125 ml.
Eau de Parfum.
Estado: NUEVO, ORIGINAL y PRECINTADO.","Yves Saint Laurent 6 Place Saint Sulpice.
125 ml.
Eau de Parfum.
État : NEUF, ORIGINAL et SCELLÉ.",https://www.vinted.pt/items/9764121938-yvessaintlaurent-6-place-saint-sulplice,5,vinted_export/images/9764121938/01.webp | vinted_export/images/9764121938/02.webp | vinted_export/images/9764121938/03.webp | vinted_export/images/9764121938/04.webp | vinted_export/images/9764121938/05.webp,pt.bidnow@gmail.com,collectibles,Fashion,Used - Excellent,best-offer,30 days,flat-rate,15,no-returns,Lisboa,PT
9946027660,YSL All Hours Encre de Peau – Fond de teint,15,EUR,"Je vends ce fond de teint Yves Saint Laurent All Hours Encre de Peau. ✨

Neuf, jamais utilisé, avec sa boîte d’origine.
Fond de teint longue tenue, idéal pour un teint uniforme et naturel.

📦 Envoi rapide et soigné.
💰 Prix : 15 €","Vendo esta base Yves Saint Laurent All Hours Encre de Peau. ✨

Nova, nunca utilizada, com a caixa original.
Base de longa duração, ideal para uma tez uniforme e natural.

📦 Envio rápido e cuidado.
💰 Preço: 15 €.","I’m selling this Yves Saint Laurent All Hours Encre de Peau foundation. ✨

New, never used, with original box.
Long-wear foundation, ideal for an even and natural-looking complexion.

📦 Fast and careful shipping.
💰 Price: €15.","Vendo esta base Yves Saint Laurent All Hours Encre de Peau. ✨

Nueva, nunca usada, con su caja original.
Base de larga duración, ideal para una tez uniforme y natural.

📦 Envío rápido y cuidadoso.
💰 Precio: 15 €.","Je vends ce fond de teint Yves Saint Laurent All Hours Encre de Peau. ✨

Neuf, jamais utilisé, avec sa boîte d’origine.
Fond de teint longue tenue, idéal pour un teint uniforme et naturel.

📦 Envoi rapide et soigné.
💰 Prix : 15 €.",https://www.vinted.pt/items/9946027660-ysl-all-hours-encre-de-peau-fond-de-teint,5,vinted_export/images/9946027660/01.webp | vinted_export/images/9946027660/02.webp | vinted_export/images/9946027660/03.webp | vinted_export/images/9946027660/04.webp | vinted_export/images/9946027660/05.webp,pt.bidnow@gmail.com,collectibles,Fashion,Used - Excellent,best-offer,30 days,flat-rate,15,no-returns,Lisboa,PT
9666525880,Cardigan Vintage Yves Saint Laurent Rive Gauche – 100% Laine,249,EUR,"Superbe cardigan vintage authentique de la ligne historique ""Saint Laurent Rive Gauche"", fabriqué en France. Une véritable pièce de collection des années 70/80, idéale pour les amateurs d'archives de la maison de couture.Le vêtement est en excellent état vintage, ce qui est exceptionnel pour une pièce en maille de cette époque. La laine a été conservée avec un soin remarquable.• Marque : Saint Laurent Rive Gauche• Origine : Made in France• Composition : 100% Laine / Wool (matière chaude et haut de gamme)• Couleur : Maille chinée multicolore (tons marron, beige, ocre) avec finitions bord-côtes contrastées bleu foncé / ardoise• Détails : Boutons d'origine en parfait état, détails de fausses poches poitrine structurées, coupe ajustée typique de l'époque au niveau de la taille• Entretien : Nettoyage à sec uniquementTaille : M (estimée / 38 FR)À noter : L'inscription de la taille sur la sous-étiquette en tissu s'est effacée avec le temps (voir photos), mais les dimensions correspondent parfaitement à une taille M moderne.L'étiquette de marque en tissu présente un léger effilochage naturel qui témoigne de son authenticité et de son histoire (voir photos). La maille ne présente aucun défaut.N'hésitez pas si vous avez des questions !","Magnífico cardigan vintage autêntico da linha histórica “Saint Laurent Rive Gauche”, fabricado em França. Verdadeira peça de coleção dos anos 70/80, ideal para amantes dos arquivos da maison. O artigo está em excelente estado vintage, algo excecional para uma peça de malha desta época. A lã foi conservada com muito cuidado.

• Marca: Saint Laurent Rive Gauche
• Origem: Made in France
• Composição: 100% lã, material quente e de alta qualidade
• Cor: malha mesclada multicolorida em tons castanho, bege e ocre, com acabamentos canelados contrastantes azul-escuro/ardósia
• Detalhes: botões originais em perfeito estado, falsos bolsos estruturados no peito, corte cintado típico da época
• Cuidados: apenas limpeza a seco

Tamanho: M (estimado / FR 38).

Nota: a indicação do tamanho na subetiqueta apagou-se com o tempo (ver fotos), mas as medidas correspondem a um M moderno. A etiqueta de marca em tecido tem um ligeiro desgaste natural que testemunha a autenticidade e história da peça. A malha não apresenta defeitos.

Não hesite em perguntar se tiver dúvidas.","Superb authentic vintage cardigan from the historic “Saint Laurent Rive Gauche” line, made in France. A true collector’s piece from the 1970s/80s, ideal for lovers of the house’s archives. The garment is in excellent vintage condition, which is exceptional for knitwear of this age. The wool has been preserved with remarkable care.

• Brand: Saint Laurent Rive Gauche
• Origin: Made in France
• Composition: 100% wool, warm and high-quality material
• Color: multicolored heathered knit in brown, beige and ochre tones with contrasting dark-blue/slate ribbed trim
• Details: original buttons in perfect condition, structured faux chest-pocket details, fitted waist typical of the era
• Care: dry clean only

Size: M (estimated / FR 38).

Note: the size marking on the secondary fabric label has faded over time (see photos), but the measurements correspond to a modern M. The fabric brand label shows slight natural fraying that reflects its authenticity and history. The knit itself has no defects.

Feel free to ask any questions.","Magnífico cárdigan vintage auténtico de la histórica línea “Saint Laurent Rive Gauche”, fabricado en Francia. Una auténtica pieza de colección de los años 70/80, ideal para amantes de los archivos de la maison. La prenda está en excelente estado vintage, algo excepcional para una pieza de punto de esta época. La lana se ha conservado con un cuidado extraordinario.

• Marca: Saint Laurent Rive Gauche
• Origen: Made in France
• Composición: 100 % lana, material cálido y de gran calidad
• Color: punto jaspeado multicolor en tonos marrón, beige y ocre, con remates acanalados en contraste azul oscuro/pizarra
• Detalles: botones originales en perfecto estado, falsos bolsillos estructurados en el pecho, corte entallado típico de la época
• Cuidado: solo limpieza en seco

Talla: M (estimada / FR 38).

Nota: la indicación de talla de la subetiqueta se ha borrado con el tiempo (ver fotos), pero las medidas corresponden a una M moderna. La etiqueta de marca de tela presenta un ligero deshilachado natural que refleja su autenticidad e historia. El punto no presenta defectos.

No dudes en preguntar si tienes dudas.","Superbe cardigan vintage authentique de la ligne historique “Saint Laurent Rive Gauche”, fabriqué en France. Une véritable pièce de collection des années 70/80, idéale pour les amateurs d’archives de la maison. Le vêtement est en excellent état vintage, ce qui est exceptionnel pour une pièce en maille de cette époque. La laine a été conservée avec un soin remarquable.

• Marque : Saint Laurent Rive Gauche
• Origine : Made in France
• Composition : 100 % laine, matière chaude et haut de gamme
• Couleur : maille chinée multicolore, tons marron, beige et ocre, avec finitions bord-côtes contrastées bleu foncé/ardoise
• Détails : boutons d’origine en parfait état, détails de fausses poches poitrine structurées, coupe ajustée typique de l’époque au niveau de la taille
• Entretien : nettoyage à sec uniquement

Taille : M (estimée / 38 FR).

À noter : l’inscription de la taille sur la sous-étiquette en tissu s’est effacée avec le temps (voir photos), mais les dimensions correspondent à une taille M moderne. L’étiquette de marque en tissu présente un léger effilochage naturel qui témoigne de son authenticité et de son histoire. La maille ne présente aucun défaut.

N’hésitez pas si vous avez des questions !",https://www.vinted.pt/items/9666525880,5,vinted_export/images/9666525880/01.webp | vinted_export/images/9666525880/02.webp | vinted_export/images/9666525880/03.webp | vinted_export/images/9666525880/04.webp | vinted_export/images/9666525880/05.webp,pt.bidnow@gmail.com,collectibles,Fashion,Used - Excellent,best-offer,30 days,flat-rate,15,no-returns,Lisboa,PT
9687933795,Cardigan / Gilet vintage Yves Saint Laurent Tricot 100% laine,249,EUR,"Authentique gilet en maille vintage de la maison Yves Saint Laurent (gamme YSL Tricot), fabriqué en Italie.Un magnifique modèle color-block typique des années 80/90, associant un violet vibrant à des liserés rouge vif sur les bordures et les petites poches avant.
✨ Caractéristiques :Marque : Yves Saint Laurent (YSL)Matière : 100% Pure Laine (Lana) - matière chaude, noble et de grande qualité.Couleur : Violet et rouge.Coupe : Cardigan ouvert, sans boutons 
Taille : Indiqué 38 sur l'étiquette 
État : Très bon état vintage, la maille est très bien conservée. Les étiquettes d'authenticité et de composition sont bien présentes.69","Cardigan de malha vintage autêntico Yves Saint Laurent, linha YSL Tricot, fabricado em Itália. Modelo color block típico dos anos 80/90, combinando roxo vibrante com vivos vermelhos nas extremidades e pequenos bolsos frontais.

✨ Características:
Marca: Yves Saint Laurent (YSL)
Material: 100% lã pura — quente, nobre e de grande qualidade
Cor: roxo e vermelho
Corte: cardigan aberto, sem botões
Tamanho: 38 na etiqueta
Estado: muito bom estado vintage; a malha está muito bem conservada e as etiquetas de autenticidade e composição estão presentes.
69","Authentic vintage knit cardigan by Yves Saint Laurent, YSL Tricot line, made in Italy. A beautiful color-block design typical of the 1980s/90s, combining vibrant purple with bright red trim on the edges and small front pockets.

✨ Features:
Brand: Yves Saint Laurent (YSL)
Material: 100% pure wool — warm, premium and high quality
Color: purple and red
Cut: open cardigan, no buttons
Size: 38 on the label
Condition: very good vintage condition; the knit is very well preserved and authenticity/composition labels are present.
69","Cárdigan de punto vintage auténtico Yves Saint Laurent, línea YSL Tricot, fabricado en Italia. Precioso modelo color block típico de los años 80/90, que combina violeta intenso con ribetes rojos vivos en los bordes y pequeños bolsillos delanteros.

✨ Características:
Marca: Yves Saint Laurent (YSL)
Material: 100 % lana pura — cálida, noble y de gran calidad
Color: violeta y rojo
Corte: cárdigan abierto, sin botones
Talla: 38 en la etiqueta
Estado: muy buen estado vintage; el punto está muy bien conservado y conserva las etiquetas de autenticidad y composición.
69","Authentique gilet en maille vintage de la maison Yves Saint Laurent, gamme YSL Tricot, fabriqué en Italie. Magnifique modèle color block typique des années 80/90, associant un violet vibrant à des liserés rouge vif sur les bordures et les petites poches avant.

✨ Caractéristiques :
Marque : Yves Saint Laurent (YSL)
Matière : 100 % pure laine — matière chaude, noble et de grande qualité
Couleur : violet et rouge
Coupe : cardigan ouvert, sans boutons
Taille : 38 indiquée sur l’étiquette
État : très bon état vintage ; la maille est très bien conservée et les étiquettes d’authenticité et de composition sont présentes.
69",https://www.vinted.pt/items/9687933795,5,vinted_export/images/9687933795/01.webp | vinted_export/images/9687933795/02.webp | vinted_export/images/9687933795/03.webp | vinted_export/images/9687933795/04.webp | vinted_export/images/9687933795/05.webp,pt.bidnow@gmail.com,collectibles,Fashion,Used - Excellent,best-offer,30 days,flat-rate,15,no-returns,Lisboa,PT
9686223842,Pull YSL Yves Saint Laurent en laine & alpaga – Col châle,179,EUR,"Pull YSL Yves Saint Laurent en laine & alpaga – Col châle – Made in Italy – M

Superbe pull Yves Saint Laurent en maille épaisse, très chaud et de grande qualité.
Coloris gris chiné, avec torsades sur les manches, col châle élégant et fermeture partielle par boutons.
Coupe confortable, idéale pour l’hiver.

✔️ Composition :
	•	50 % laine vierge
	•	25 % alpaga
	•	25 % acrylique

✔️ Fabriqué en Italie
✔️ Taille : M
✔️ État : très bon état

Un pull chic et intemporel, parfait pour un look casual ou habillé.

#️⃣ Hashtags :
#YSL #YvesSaintLaurent #PullHomme #Maille #Laine #Alpaga #PullHiver #Luxe #Vintage #ModeHomme #MadeInItaly.84.","Camisola YSL Yves Saint Laurent em lã e alpaca — gola xaile — Made in Italy — M.

Magnífica camisola de malha grossa, muito quente e de grande qualidade. Cinzento mesclado, tranças nas mangas, elegante gola xaile e fecho parcial por botões. Corte confortável, ideal para o inverno.

✔️ Composição: 50% lã virgem, 25% alpaca, 25% acrílico
✔️ Fabricada em Itália
✔️ Tamanho: M
✔️ Estado: muito bom estado

Uma camisola elegante e intemporal, perfeita para um look casual ou mais formal.

#YSL #YvesSaintLaurent #PullHomme #Maille #Laine #Alpaga #PullHiver #Luxe #Vintage #ModeHomme #MadeInItaly.84.","YSL Yves Saint Laurent wool & alpaca sweater — shawl collar — Made in Italy — M.

Superb heavy-knit sweater, very warm and high quality. Heather gray with cable-knit sleeves, elegant shawl collar and partial button fastening. Comfortable cut, ideal for winter.

✔️ Composition: 50% virgin wool, 25% alpaca, 25% acrylic
✔️ Made in Italy
✔️ Size: M
✔️ Condition: very good

A chic and timeless sweater, perfect for a casual or dressed-up look.

#YSL #YvesSaintLaurent #PullHomme #Maille #Laine #Alpaga #PullHiver #Luxe #Vintage #ModeHomme #MadeInItaly.84.","Jersey YSL Yves Saint Laurent de lana y alpaca — cuello chal — Made in Italy — M.

Magnífico jersey de punto grueso, muy cálido y de gran calidad. Gris jaspeado, trenzas en las mangas, elegante cuello chal y cierre parcial con botones. Corte cómodo, ideal para invierno.

✔️ Composición: 50 % lana virgen, 25 % alpaca, 25 % acrílico
✔️ Fabricado en Italia
✔️ Talla: M
✔️ Estado: muy buen estado

Un jersey chic y atemporal, perfecto para un look casual o arreglado.

#YSL #YvesSaintLaurent #PullHomme #Maille #Laine #Alpaga #PullHiver #Luxe #Vintage #ModeHomme #MadeInItaly.84.","Pull YSL Yves Saint Laurent en laine & alpaga — col châle — Made in Italy — M.

Superbe pull en maille épaisse, très chaud et de grande qualité. Coloris gris chiné, torsades sur les manches, col châle élégant et fermeture partielle par boutons. Coupe confortable, idéale pour l’hiver.

✔️ Composition : 50 % laine vierge, 25 % alpaga, 25 % acrylique
✔️ Fabriqué en Italie
✔️ Taille : M
✔️ État : très bon état

Un pull chic et intemporel, parfait pour un look casual ou habillé.

#YSL #YvesSaintLaurent #PullHomme #Maille #Laine #Alpaga #PullHiver #Luxe #Vintage #ModeHomme #MadeInItaly.84.",https://www.vinted.pt/items/9686223842,5,vinted_export/images/9686223842/01.webp | vinted_export/images/9686223842/02.webp | vinted_export/images/9686223842/03.webp | vinted_export/images/9686223842/04.webp | vinted_export/images/9686223842/05.webp,pt.bidnow@gmail.com,collectibles,Fashion,Used - Excellent,best-offer,30 days,flat-rate,15,no-returns,Lisboa,PT
9685628734,pull sweat col roulé Yves saint Laurent 100% cachemire,149,EUR,"pull col roulé Yves saint Laurent 100% cachemire
Magnifique pull col roulé 100% cachemire de la prestigieuse marque Yves Saint Laurent.
	•	Taille : S
	•	Matière : Cachemire ultra doux et chaud, parfait pour l’hiver.
	•	État : Comme neuf.
Un vêtement de luxe intemporel, idéal pour un look chic et raffiné en toute occasion.","Camisola de gola alta Yves Saint Laurent, 100% caxemira.
Magnífica camisola de gola alta em caxemira da prestigiada marca Yves Saint Laurent.
• Tamanho: S
• Material: caxemira ultramacia e quente, perfeita para o inverno
• Estado: como nova
Uma peça de luxo intemporal, ideal para um visual elegante e refinado em qualquer ocasião.","Yves Saint Laurent turtleneck sweater, 100% cashmere.
Beautiful 100% cashmere turtleneck from the prestigious Yves Saint Laurent brand.
• Size: S
• Material: ultra-soft, warm cashmere, perfect for winter
• Condition: like new
A timeless luxury garment, ideal for a chic and refined look on any occasion.","Jersey de cuello alto Yves Saint Laurent, 100 % cachemira.
Magnífico jersey de cuello alto de cachemira de la prestigiosa marca Yves Saint Laurent.
• Talla: S
• Material: cachemira ultrasuave y cálida, perfecta para invierno
• Estado: como nuevo
Una prenda de lujo atemporal, ideal para un look chic y refinado en cualquier ocasión.","Pull col roulé Yves Saint Laurent, 100 % cachemire.
Magnifique pull col roulé 100 % cachemire de la prestigieuse marque Yves Saint Laurent.
• Taille : S
• Matière : cachemire ultra doux et chaud, parfait pour l’hiver
• État : comme neuf
Un vêtement de luxe intemporel, idéal pour un look chic et raffiné en toute occasion.",https://www.vinted.pt/items/9685628734,5,vinted_export/images/9685628734/01.webp | vinted_export/images/9685628734/02.webp | vinted_export/images/9685628734/03.webp | vinted_export/images/9685628734/04.webp | vinted_export/images/9685628734/05.webp,pt.bidnow@gmail.com,collectibles,Fashion,Used - Excellent,best-offer,30 days,flat-rate,15,no-returns,Lisboa,PT
9666390444,Gilet vintage Yves Saint Laurent Variation en laine à fleurs,299,EUR,"Superbe cardigan vintage de la maison Yves Saint Laurent, ligne ""Variation"", datant des années 80/90. Une pièce rare, très visuelle et recherchée par les collectionneurs, dans un état de conservation exceptionnel.• État : Comme neuf / Impeccable (porté une ou deux fois maximum, aucune bouloche, aucune imperfection).• Couleur : Noir profond avec des motifs de fleurs/pavots en relief rouge écarlate et fuchsia.• Matière : 100% Laine (chaude, dense et de très belle tenue).• Détails : Magnifiques boutons facettés noirs d'origine, broderies chenille épaisses et texturées en parfait état.• Taille : M (convient à un 38 ou un 36 pour un effet un peu plus ample).Une pièce couture intemporelle, idéale pour rehausser une tenue simple. Les étiquettes d'authenticité et de composition sont parfaitement visibles et intactes. Envoi rapide et soigné.

88","Magnífico cardigan vintage Yves Saint Laurent, linha “Variation”, dos anos 80/90. Peça rara, muito visual e procurada por colecionadores, em estado de conservação excecional.
• Estado: como novo / impecável, usado no máximo uma ou duas vezes, sem borboto nem imperfeições
• Cor: preto profundo com motivos de flores/papoilas em relevo vermelho escarlate e fúcsia
• Material: 100% lã, quente, densa e com excelente estrutura
• Detalhes: magníficos botões pretos facetados originais e bordados chenille espessos e texturados em perfeito estado
• Tamanho: M, adequado a 38 ou 36 para um efeito um pouco mais largo

Peça couture intemporal, ideal para elevar um conjunto simples. Etiquetas de autenticidade e composição perfeitamente visíveis e intactas. Envio rápido e cuidado.

88","Superb vintage Yves Saint Laurent cardigan from the “Variation” line, dating from the 1980s/90s. A rare, highly visual piece sought after by collectors, in exceptional preserved condition.
• Condition: like new / impeccable, worn at most once or twice, no pilling or imperfections
• Color: deep black with raised scarlet-red and fuchsia flower/poppy motifs
• Material: 100% wool, warm, dense and beautifully structured
• Details: beautiful original faceted black buttons and thick, textured chenille embroidery in perfect condition
• Size: M, fits 38 or 36 for a slightly looser effect

A timeless couture piece, ideal for elevating a simple outfit. Authenticity and composition labels are clearly visible and intact. Fast and careful shipping.

88","Magnífico cárdigan vintage Yves Saint Laurent de la línea “Variation”, de los años 80/90. Pieza rara, muy llamativa y buscada por coleccionistas, en un estado de conservación excepcional.
• Estado: como nuevo / impecable, usado como máximo una o dos veces, sin bolitas ni imperfecciones
• Color: negro intenso con motivos en relieve de flores/amapolas rojo escarlata y fucsia
• Material: 100 % lana, cálida, densa y con excelente estructura
• Detalles: preciosos botones negros facetados originales y bordados de chenilla gruesos y texturizados en perfecto estado
• Talla: M, sirve para 38 o 36 con un efecto algo más holgado

Una pieza couture atemporal, ideal para elevar un conjunto sencillo. Etiquetas de autenticidad y composición perfectamente visibles e intactas. Envío rápido y cuidadoso.

88","Superbe cardigan vintage Yves Saint Laurent, ligne “Variation”, datant des années 80/90. Une pièce rare, très visuelle et recherchée par les collectionneurs, dans un état de conservation exceptionnel.
• État : comme neuf / impeccable, porté une ou deux fois maximum, aucune bouloche, aucune imperfection
• Couleur : noir profond avec motifs de fleurs/pavots en relief rouge écarlate et fuchsia
• Matière : 100 % laine, chaude, dense et de très belle tenue
• Détails : magnifiques boutons facettés noirs d’origine, broderies chenille épaisses et texturées en parfait état
• Taille : M, convient à un 38 ou un 36 pour un effet un peu plus ample

Une pièce couture intemporelle, idéale pour rehausser une tenue simple. Les étiquettes d’authenticité et de composition sont parfaitement visibles et intactes. Envoi rapide et soigné.

88",https://www.vinted.pt/items/9666390444,5,vinted_export/images/9666390444/01.webp | vinted_export/images/9666390444/02.webp | vinted_export/images/9666390444/03.webp | vinted_export/images/9666390444/04.webp | vinted_export/images/9666390444/05.webp,pt.bidnow@gmail.com,collectibles,Fashion,Used - Excellent,best-offer,30 days,flat-rate,15,no-returns,Lisboa,PT
9666931431,Pull torsadé vintage en laine d’agneau Yves Saint Laurent,149,EUR,"Superbe pull vintage authentique de la maison Yves Saint Laurent, ligne ""Pour Homme"". Une pièce intemporelle de style ""old money"", fabriquée en Espagne sous licence officielle de l'époque (par Eurofiel).• État : Excellent état général. La laine est restée très souple, douce et lumineuse. Il n'a aucun trou, aucune tache, aucune bouloche, et il n'a pas rétréci au lavage.• Couleur : Jaune moutarde / Safran.• Coupe & Style : Coupe classique à maille torsadée. Monogramme ""YSL"" emblématique brodé ton sur ton de manière très discrète sur la poitrine.• Matière : 100% Laine d'agneau (Lambswool) certifiée ""Pure Nouvelle Laine"" par le label de qualité Woolmark. Matière chaude et haut de gamme.• Taille : M (indiqué T-3 sur l'étiquette d'origine).Une très belle pièce de collection vintage, parfaite pour les saisons fraîches. Envoi rapide et","Magnífica camisola vintage autêntica Yves Saint Laurent, linha “Pour Homme”. Peça intemporal de estilo old money, fabricada em Espanha sob licença oficial da época (Eurofiel).
• Estado: excelente estado geral. A lã mantém-se muito macia, flexível e luminosa. Sem buracos, manchas, borboto ou encolhimento
• Cor: amarelo-mostarda / açafrão
• Corte e estilo: clássico, em malha entrançada, com monograma “YSL” bordado tom sobre tom de forma muito discreta no peito
• Material: 100% lã de cordeiro, certificada “Pure Nouvelle Laine” pela Woolmark; quente e de alta qualidade
• Tamanho: M, indicado T-3 na etiqueta original

Belíssima peça de coleção vintage, perfeita para as estações frias. Envio rápido e","Superb authentic vintage Yves Saint Laurent sweater from the “Pour Homme” line. A timeless old-money style piece, made in Spain under the official license of the era by Eurofiel.
• Condition: excellent overall condition. The wool remains very soft, supple and bright. No holes, stains, pilling or shrinkage
• Color: mustard yellow / saffron
• Cut & style: classic cable knit, with the iconic “YSL” monogram subtly embroidered tone-on-tone on the chest
• Material: 100% lambswool, certified “Pure New Wool” by Woolmark; warm and high quality
• Size: M, marked T-3 on the original label

A beautiful vintage collector’s piece, perfect for cooler seasons. Fast shipping and","Magnífico jersey vintage auténtico Yves Saint Laurent de la línea “Pour Homme”. Pieza atemporal de estilo old money, fabricada en España bajo licencia oficial de la época por Eurofiel.
• Estado: excelente estado general. La lana sigue muy suave, flexible y luminosa. Sin agujeros, manchas, bolitas ni encogimiento
• Color: amarillo mostaza / azafrán
• Corte y estilo: clásico, punto trenzado, con el icónico monograma “YSL” bordado tono sobre tono de forma muy discreta en el pecho
• Material: 100 % lana de cordero, certificada “Pure New Wool” por Woolmark; cálida y de gran calidad
• Talla: M, indicada T-3 en la etiqueta original

Una preciosa pieza vintage de colección, perfecta para las estaciones frías. Envío rápido y","Superbe pull vintage authentique Yves Saint Laurent, ligne “Pour Homme”. Une pièce intemporelle de style old money, fabriquée en Espagne sous licence officielle de l’époque par Eurofiel.
• État : excellent état général. La laine est restée très souple, douce et lumineuse. Aucun trou, aucune tache, aucune bouloche et aucun rétrécissement
• Couleur : jaune moutarde / safran
• Coupe & style : coupe classique en maille torsadée, avec monogramme “YSL” emblématique brodé ton sur ton très discrètement sur la poitrine
• Matière : 100 % laine d’agneau, certifiée “Pure Nouvelle Laine” par Woolmark ; chaude et haut de gamme
• Taille : M, indiqué T-3 sur l’étiquette d’origine

Une très belle pièce de collection vintage, parfaite pour les saisons fraîches. Envoi rapide et",https://www.vinted.pt/items/9666931431,5,vinted_export/images/9666931431/01.webp | vinted_export/images/9666931431/02.webp | vinted_export/images/9666931431/03.webp | vinted_export/images/9666931431/04.webp | vinted_export/images/9666931431/05.webp,pt.bidnow@gmail.com,collectibles,Fashion,Used - Excellent,best-offer,30 days,flat-rate,15,no-returns,Lisboa,PT
9674455485,Gilet long vintage Yves Saint Laurent tricot en Laine et Lurex,199,EUR,"✨ Magnifique gilet long (style veste / cardigan)
vintage de la prestigieuse maison Yves Saint Laurent, issu de sa ligne historique ""Yves Saint Laurent tricot"".Fabriqué en Italie, c'est une véritable pièce de collection intemporelle et très élégante.Détails de la pièce 
Couleur : Noir profond sublimé par un fil métallisé argenté (lurex) qui apporte une touche scintillante très chic.
Matière : Superbe composition haut de gamme (97% Laine / Lana, 2% Cupro). Chaud, doux et de grande qualité.
Coupe : Coupe longue, encolure ronde sans col, fermeture à boutons-pression discrets sur le devant, manches légèrement bouffantes avec poignets côtelés et deux poches plaquées à l'avant.État : Excellent état général. La maille est superbe, très bien conservée. Idéal pour un look chic au quotidien ou pour parfaire une tenue de soirée.
74","✨ Magnífico cardigan longo vintage, estilo casaco/cardigan, da prestigiada maison Yves Saint Laurent, linha histórica “Yves Saint Laurent Tricot”. Fabricado em Itália, verdadeira peça de coleção intemporal e elegante.

Detalhes:
Cor: preto profundo realçado por fio metálico prateado (lurex), para um brilho muito elegante.
Material: composição premium — 97% lã, 2% cupro. Quente, macio e de grande qualidade.
Corte: comprido, decote redondo sem gola, fecho frontal com molas discretas, mangas ligeiramente abalonadas com punhos canelados e dois bolsos aplicados à frente.
Estado: excelente estado geral. A malha está magnífica e muito bem conservada. Ideal para um look chic diário ou para completar um conjunto de noite.
74","✨ Beautiful long vintage cardigan/jacket from the prestigious Yves Saint Laurent house, from the historic “Yves Saint Laurent Tricot” line. Made in Italy, a truly timeless and elegant collector’s piece.

Details:
Color: deep black enhanced with silver metallic lurex thread for a chic shimmer.
Material: premium composition — 97% wool, 2% cupro. Warm, soft and high quality.
Cut: long silhouette, round collarless neckline, discreet snap-button front fastening, slightly puffed sleeves with ribbed cuffs and two front patch pockets.
Condition: excellent overall condition. The knit is beautiful and very well preserved. Ideal for a chic everyday look or to finish an evening outfit.
74","✨ Magnífico cárdigan largo vintage, estilo chaqueta/cárdigan, de la prestigiosa maison Yves Saint Laurent, línea histórica “Yves Saint Laurent Tricot”. Fabricado en Italia, una auténtica pieza de colección atemporal y elegante.

Detalles:
Color: negro intenso realzado con hilo metálico plateado (lúrex), que aporta un brillo muy chic.
Material: composición premium — 97 % lana, 2 % cupro. Cálido, suave y de gran calidad.
Corte: largo, escote redondo sin cuello, cierre delantero con botones a presión discretos, mangas ligeramente abullonadas con puños acanalados y dos bolsillos de parche delanteros.
Estado: excelente estado general. El punto está precioso y muy bien conservado. Ideal para un look chic de diario o para completar un conjunto de noche.
74","✨ Magnifique gilet long vintage, style veste/cardigan, de la prestigieuse maison Yves Saint Laurent, issu de sa ligne historique “Yves Saint Laurent Tricot”. Fabriqué en Italie, c’est une véritable pièce de collection intemporelle et très élégante.

Détails :
Couleur : noir profond sublimé par un fil métallisé argenté (lurex), qui apporte une touche scintillante très chic.
Matière : superbe composition haut de gamme — 97 % laine, 2 % cupro. Chaud, doux et de grande qualité.
Coupe : longue, encolure ronde sans col, fermeture à boutons-pression discrets sur le devant, manches légèrement bouffantes avec poignets côtelés et deux poches plaquées à l’avant.
État : excellent état général. La maille est superbe, très bien conservée. Idéal pour un look chic au quotidien ou pour parfaire une tenue de soirée.
74",https://www.vinted.pt/items/9674455485,5,vinted_export/images/9674455485/01.webp | vinted_export/images/9674455485/02.webp | vinted_export/images/9674455485/03.webp | vinted_export/images/9674455485/04.webp | vinted_export/images/9674455485/05.webp,pt.bidnow@gmail.com,collectibles,Fashion,Used - Excellent,best-offer,30 days,flat-rate,15,no-returns,Lisboa,PT
9688372085,Jupe vintage Yves Saint Laurent Rive Gauche – 100% Laine,89,EUR,"✨ Authentique jupe vintage de la maison Yves Saint Laurent, ligne Rive Gauche. Fabriquée en France.En très bon état, très bien conservée.Un classique intemporel et élégant, parfait pour une garde-robe minimaliste ou capsule.Détails 
:• Marque : Yves Saint Laurent Rive Gauche• 
Taille : 36 (attention, taille vintage, se référer aux mesures ci-dessous)• 
Matière : 100% Laine (Laine-Wool sur l'étiquette)• Couleur : Bleu marine foncé / Noir• 
Coupe : Droite, plis discrets à la taille• 
Pratique : Poches latérales, fermeture zippée invisible et bouton sur le côté• 
Doublure intérieure : Oui","✨ Saia vintage autêntica Yves Saint Laurent, linha Rive Gauche, fabricada em França. Em muito bom estado e muito bem conservada. Um clássico elegante e intemporal, perfeito para um guarda-roupa minimalista ou cápsula.

Detalhes:
• Marca: Yves Saint Laurent Rive Gauche
• Tamanho: 36 (atenção: tamanho vintage; consultar medidas)
• Material: 100% lã
• Cor: azul-marinho escuro / preto
• Corte: direito, com pregas discretas na cintura
• Prático: bolsos laterais, fecho de correr invisível e botão na lateral
• Forro interior: sim","✨ Authentic vintage Yves Saint Laurent skirt from the Rive Gauche line, made in France. In very good condition and very well preserved. A timeless, elegant classic, perfect for a minimalist or capsule wardrobe.

Details:
• Brand: Yves Saint Laurent Rive Gauche
• Size: 36 (note: vintage sizing; refer to measurements)
• Material: 100% wool
• Color: dark navy / black
• Cut: straight, with discreet pleats at the waist
• Practical features: side pockets, invisible zip and side button
• Interior lining: yes","✨ Auténtica falda vintage Yves Saint Laurent de la línea Rive Gauche, fabricada en Francia. En muy buen estado y muy bien conservada. Un clásico elegante y atemporal, perfecto para un armario minimalista o cápsula.

Detalles:
• Marca: Yves Saint Laurent Rive Gauche
• Talla: 36 (atención: talla vintage; consultar medidas)
• Material: 100 % lana
• Color: azul marino oscuro / negro
• Corte: recto, con pliegues discretos en la cintura
• Práctico: bolsillos laterales, cremallera invisible y botón lateral
• Forro interior: sí","✨ Authentique jupe vintage Yves Saint Laurent, ligne Rive Gauche, fabriquée en France. En très bon état et très bien conservée. Un classique intemporel et élégant, parfait pour une garde-robe minimaliste ou capsule.

Détails :
• Marque : Yves Saint Laurent Rive Gauche
• Taille : 36 (attention, taille vintage ; se référer aux mesures)
• Matière : 100 % laine
• Couleur : bleu marine foncé / noir
• Coupe : droite, plis discrets à la taille
• Pratique : poches latérales, fermeture zippée invisible et bouton sur le côté
• Doublure intérieure : oui",https://www.vinted.pt/items/9688372085,5,vinted_export/images/9688372085/01.webp | vinted_export/images/9688372085/02.webp | vinted_export/images/9688372085/03.webp | vinted_export/images/9688372085/04.webp | vinted_export/images/9688372085/05.webp,pt.bidnow@gmail.com,collectibles,Fashion,Used - Excellent,best-offer,30 days,flat-rate,15,no-returns,Lisboa,PT
9687018976,Cardigan vintage Yves Saint Laurent Tricots – 100% Laine Vierge Mérinos,199,EUR,"Saint Laurent (ligne ""Yves Saint Laurent Tricots"").Fabriqué en Italie.Couleur : Un magnifique rouge bordeaux / brique, très élégant et lumineux.Matière : 100% Laine Vierge Mérinos (Laine vierge / Virgin Wool). La maille est épaisse, chaude, très douce et de grande qualité.Détails uniques :Magnifiques boutons en cuir tressé marron avec le logo YSL gravé en relief au centre.Petit écusson discret avec le logo YSL brodé sur le côté gauche.Deux poches latérales pratiques.Manches raglan pour une coupe confortable.État : Excellent état général. La maille est superbe, aucun trou ni tache, les boutons sont impeccables.","Saint Laurent, linha “Yves Saint Laurent Tricots”. Fabricado em Itália.
Cor: magnífico vermelho bordô/tijolo, muito elegante e luminoso.
Material: 100% lã virgem Merino. Malha espessa, quente, muito macia e de grande qualidade.
Detalhes únicos: belíssimos botões de pele castanha entrançada com o logótipo YSL em relevo no centro; pequeno emblema discreto com logótipo YSL bordado no lado esquerdo; dois bolsos laterais práticos; mangas raglã para um corte confortável.
Estado: excelente estado geral. A malha está magnífica, sem buracos nem manchas, e os botões estão impecáveis.","Saint Laurent, “Yves Saint Laurent Tricots” line. Made in Italy.
Color: beautiful burgundy/brick red, very elegant and luminous.
Material: 100% virgin Merino wool. Thick, warm, very soft and high-quality knit.
Unique details: beautiful braided brown leather buttons with the YSL logo embossed in the center; small discreet embroidered YSL badge on the left side; two practical side pockets; raglan sleeves for a comfortable fit.
Condition: excellent overall condition. The knit is beautiful, with no holes or stains, and the buttons are impeccable.","Saint Laurent, línea “Yves Saint Laurent Tricots”. Fabricado en Italia.
Color: precioso rojo burdeos/ladrillo, muy elegante y luminoso.
Material: 100 % lana virgen Merino. Punto grueso, cálido, muy suave y de gran calidad.
Detalles únicos: preciosos botones de piel marrón trenzada con el logotipo YSL en relieve en el centro; pequeño escudo discreto con logo YSL bordado en el lado izquierdo; dos prácticos bolsillos laterales; mangas raglán para un corte cómodo.
Estado: excelente estado general. El punto está precioso, sin agujeros ni manchas, y los botones están impecables.","Saint Laurent, ligne “Yves Saint Laurent Tricots”. Fabriqué en Italie.
Couleur : magnifique rouge bordeaux/brique, très élégant et lumineux.
Matière : 100 % laine vierge mérinos. Maille épaisse, chaude, très douce et de grande qualité.
Détails uniques : magnifiques boutons en cuir tressé marron avec le logo YSL gravé en relief au centre ; petit écusson discret avec logo YSL brodé sur le côté gauche ; deux poches latérales pratiques ; manches raglan pour une coupe confortable.
État : excellent état général. La maille est superbe, aucun trou ni tache, et les boutons sont impeccables.",https://www.vinted.pt/items/9687018976,5,vinted_export/images/9687018976/01.webp | vinted_export/images/9687018976/02.webp | vinted_export/images/9687018976/03.webp | vinted_export/images/9687018976/04.webp | vinted_export/images/9687018976/05.webp,pt.bidnow@gmail.com,collectibles,Fashion,Used - Excellent,best-offer,30 days,flat-rate,15,no-returns,Lisboa,PT
9688101262,Robe guess argenté,19,EUR,"Je vends cette magnifique robe de la marque GUESS (authentique, voir étiquette en photo).Coupe : Patineuse / Skater (cintrée à la taille et évasée en bas).Couleur : Noire et argentée avec un superbe effet métallisé.
Matière : Tissu en maille résille (mesh) texturé en nid d'abeille. Elle possède une doublure noire opaque en dessous, donc elle n'est pas transparente.
Détails : Fermeture éclair fonctionnelle tout le long du dos. Sans manches avec un joli col en V.Taille : S (36)
État : Très bon état, portée très peu de fois. Aucun défaut, la maille est impeccable.Idéale pour une soirée, une fête ou une sortie chic !","Vendo este magnífico vestido da marca GUESS (autêntico, ver etiqueta na fotografia).
Corte: skater/patineuse, cintado na cintura e evasé em baixo.
Cor: preto e prateado com magnífico efeito metalizado.
Material: tecido de malha/rede texturada em padrão favo de mel. Tem forro preto opaco por baixo, por isso não é transparente.
Detalhes: fecho de correr funcional ao longo de toda a parte de trás. Sem mangas, com bonito decote em V.
Tamanho: S (36).
Estado: muito bom estado, usado poucas vezes. Sem defeitos; a malha está impecável.
Ideal para uma noite, festa ou saída elegante!","I’m selling this beautiful GUESS dress (authentic, see label in the photo).
Cut: skater style, fitted at the waist and flared at the bottom.
Color: black and silver with a beautiful metallic effect.
Material: textured honeycomb mesh fabric. It has an opaque black lining underneath, so it is not transparent.
Details: functional full-length zip at the back. Sleeveless with a pretty V-neck.
Size: S (36).
Condition: very good condition, worn only a few times. No defects; the mesh is impeccable.
Ideal for an evening, party or chic outing!","Vendo este precioso vestido de la marca GUESS (auténtico, ver etiqueta en la foto).
Corte: skater/patineuse, entallado en la cintura y acampanado en la parte inferior.
Color: negro y plateado con precioso efecto metalizado.
Material: tejido de malla texturizada con efecto panal. Tiene forro negro opaco debajo, por lo que no es transparente.
Detalles: cremallera funcional a lo largo de toda la espalda. Sin mangas y con bonito escote en V.
Talla: S (36).
Estado: muy buen estado, usado muy pocas veces. Sin defectos; la malla está impecable.
¡Ideal para una noche, fiesta o salida chic!","Je vends cette magnifique robe de la marque GUESS (authentique, voir étiquette en photo).
Coupe : patineuse/skater, cintrée à la taille et évasée en bas.
Couleur : noire et argentée avec un superbe effet métallisé.
Matière : tissu en maille résille texturé en nid d’abeille. Elle possède une doublure noire opaque en dessous, donc elle n’est pas transparente.
Détails : fermeture éclair fonctionnelle tout le long du dos. Sans manches avec un joli col en V.
Taille : S (36).
État : très bon état, portée très peu de fois. Aucun défaut, la maille est impeccable.
Idéale pour une soirée, une fête ou une sortie chic !",https://www.vinted.pt/items/9688101262,5,vinted_export/images/9688101262/01.webp | vinted_export/images/9688101262/02.webp | vinted_export/images/9688101262/03.webp | vinted_export/images/9688101262/04.webp | vinted_export/images/9688101262/05.webp,pt.bidnow@gmail.com,collectibles,Fashion,Used - Excellent,best-offer,30 days,flat-rate,15,no-returns,Lisboa,PT
9596539692,Superbe sac Lauren Ralph Lauren au motif léopard,149,EUR,"✨ Superbe sac Lauren Ralph Lauren au motif léopard, élégant et intemporel.

* État : Neuf sans étiquette, jamais porté.
* Fermoir à rabat avec logo LRL doré.
* Bandoulière chaîne dorée.
* Finition en cuir grainé noir au dos.
* Intérieur propre avec poche zippée.
* Idéal pour une tenue chic ou décontractée.

Dimension
Hauteur 16 
Longueur 22
Profondeur 6","✨ Magnífica mala Lauren Ralph Lauren com padrão leopardo, elegante e intemporal.

• Estado: nova sem etiqueta, nunca usada
• Fecho de aba com logótipo LRL dourado
• Alça de corrente dourada
• Acabamento em pele granulada preta na parte de trás
• Interior limpo com bolso de fecho
• Ideal para um look elegante ou descontraído

Dimensões: altura 16 cm, comprimento 22 cm, profundidade 6 cm.","✨ Beautiful Lauren Ralph Lauren leopard-print bag, elegant and timeless.

• Condition: new without tags, never worn
• Flap closure with gold-tone LRL logo
• Gold-tone chain strap
• Black grained-leather finish on the back
• Clean interior with zipped pocket
• Ideal for a chic or casual outfit

Dimensions: height 16 cm, length 22 cm, depth 6 cm.","✨ Precioso bolso Lauren Ralph Lauren con estampado de leopardo, elegante y atemporal.

• Estado: nuevo sin etiqueta, nunca usado
• Cierre de solapa con logotipo LRL dorado
• Correa de cadena dorada
• Acabado de piel granulada negra en la parte trasera
• Interior limpio con bolsillo con cremallera
• Ideal para un look chic o casual

Dimensiones: alto 16 cm, largo 22 cm, fondo 6 cm.","✨ Superbe sac Lauren Ralph Lauren au motif léopard, élégant et intemporel.

• État : neuf sans étiquette, jamais porté
• Fermoir à rabat avec logo LRL doré
• Bandoulière chaîne dorée
• Finition en cuir grainé noir au dos
• Intérieur propre avec poche zippée
• Idéal pour une tenue chic ou décontractée

Dimensions : hauteur 16 cm, longueur 22 cm, profondeur 6 cm.",https://www.vinted.pt/items/9596539692,5,vinted_export/images/9596539692/01.webp | vinted_export/images/9596539692/02.webp | vinted_export/images/9596539692/03.webp | vinted_export/images/9596539692/04.webp | vinted_export/images/9596539692/05.webp,pt.bidnow@gmail.com,collectibles,Fashion,Used - Excellent,best-offer,30 days,flat-rate,15,no-returns,Lisboa,PT
9685713993,Sweat à capuche The North Face noir et violet,39,EUR,"marque The North Face pour femme.Couleur : Noir avec le logo de la marque en violet flashy sur la poitrine et un petit logo discret à l'arrière sur l'épaule.Taille : S (S/P indiqué sur l'étiquette).
Matière : 100% Polyester (matière style technique / sportswear, très confortable).
Détails : Poche kangourou à l'avant, capuche doublée. Fabriqué au Cambodge. Produit original avec étiquette d'authenticité présente (voir photos).Il est en excellent état.","Marca The North Face para mulher.
Cor: preto com logótipo da marca em roxo vivo no peito e um pequeno logótipo discreto atrás, no ombro.
Tamanho: S (S/P indicado na etiqueta).
Material: 100% poliéster, material técnico/sportswear muito confortável.
Detalhes: bolso canguru à frente, capuz forrado. Fabricado no Camboja. Produto original com etiqueta de autenticidade presente (ver fotos).
Excelente estado.","Women’s The North Face item.
Color: black with the brand logo in bright purple on the chest and a small discreet logo on the back shoulder.
Size: S (S/P indicated on the label).
Material: 100% polyester, comfortable technical/sportswear fabric.
Details: front kangaroo pocket, lined hood. Made in Cambodia. Original product with authenticity label present (see photos).
Excellent condition.","Prenda The North Face para mujer.
Color: negro con el logotipo de la marca en violeta intenso en el pecho y un pequeño logotipo discreto en la parte trasera del hombro.
Talla: S (S/P indicado en la etiqueta).
Material: 100 % poliéster, tejido técnico/sportswear muy cómodo.
Detalles: bolsillo canguro delantero, capucha forrada. Fabricado en Camboya. Producto original con etiqueta de autenticidad presente (ver fotos).
Excelente estado.","Article The North Face pour femme.
Couleur : noir avec le logo de la marque en violet flashy sur la poitrine et un petit logo discret à l’arrière sur l’épaule.
Taille : S (S/P indiqué sur l’étiquette).
Matière : 100 % polyester, matière technique/sportswear très confortable.
Détails : poche kangourou à l’avant, capuche doublée. Fabriqué au Cambodge. Produit original avec étiquette d’authenticité présente (voir photos).
Excellent état.",https://www.vinted.pt/items/9685713993,5,vinted_export/images/9685713993/01.webp | vinted_export/images/9685713993/02.webp | vinted_export/images/9685713993/03.webp | vinted_export/images/9685713993/04.webp | vinted_export/images/9685713993/05.webp,pt.bidnow@gmail.com,collectibles,Fashion,Used - Excellent,best-offer,30 days,flat-rate,15,no-returns,Lisboa,PT
9665390740,Doudoune Bomber Baroque Neuve Versace Jeans Couture,299,EUR,"Sublime blouson style bomber / doudoune de la maison Versace Jeans Couture, arborant l'emblématique imprimé baroque noir et doré de la marque. Une pièce forte, à la fois streetwear et luxueuse.L'article est absolument neuf, jamais porté. Il a été conservé avec le plus grand soin dans un environnement non-fumeur et sans animaux.Détails techniques et authenticité :Authenticité garantie : Code Certilogo officiel présent sur l'étiquette (CLG : 268 470 158 096) permettant de vérifier l'authenticité de la pièce en deux clics sur le site officiel.Fabrication : Sous licence officielle Swinger International SpA (Italie). Fabriqué en Chine.Référence modèle : E5HSB983 - 5024 1Taille : IT 40 (correspond parfaitement à un FR 36 / Taille S).Rembourrage haut de gamme : Isolation thermique très performante et légère grâce à un alliage de fibres de polyester et d'un duvet naturel d'excellente qualité (80% duvet de canard, 20% plumes de canard). Très chaud pour l'hiver !Finitions : Fermeture éclair centrale robuste, poches latérales zippées avec curseurs gravés du logo de la marque, bords-côtes noirs aux poignets et à la taille pour une coupe ajustée parfaite.","Magnífico bomber/casaco acolchoado Versace Jeans Couture com o icónico estampado barroco preto e dourado da marca. Uma peça marcante, simultaneamente streetwear e luxuosa.

Artigo absolutamente novo, nunca usado, conservado com muito cuidado num ambiente sem fumo e sem animais.

Detalhes técnicos e autenticidade:
Autenticidade garantida: código Certilogo oficial na etiqueta (CLG: 268 470 158 096), permitindo verificar a autenticidade no site oficial.
Fabrico: sob licença oficial Swinger International SpA (Itália). Fabricado na China.
Referência: E5HSB983 - 5024 1
Tamanho: IT 40, corresponde a FR 36 / S.
Enchimento premium: isolamento térmico leve e eficaz com fibras de poliéster e penugem natural de alta qualidade (80% penugem de pato, 20% penas de pato). Muito quente para o inverno.
Acabamentos: fecho central robusto, bolsos laterais com fecho e cursores gravados com o logótipo da marca, canelado preto nos punhos e cintura para um ajuste perfeito.","Stunning Versace Jeans Couture bomber/puffer jacket featuring the brand’s iconic black-and-gold baroque print. A statement piece that is both streetwear and luxurious.

The item is absolutely new, never worn, and has been carefully stored in a smoke-free, pet-free environment.

Technical details and authenticity:
Authenticity guaranteed: official Certilogo code on the label (CLG: 268 470 158 096), allowing the item to be verified on the official website.
Manufacturing: under official license by Swinger International SpA (Italy). Made in China.
Model reference: E5HSB983 - 5024 1
Size: IT 40, equivalent to FR 36 / S.
Premium filling: lightweight, highly effective thermal insulation using polyester fibers and high-quality natural down (80% duck down, 20% duck feathers). Very warm for winter.
Finishing: sturdy central zip, zipped side pockets with logo-engraved pulls, black ribbed cuffs and hem for a perfect fitted shape.","Magnífica chaqueta bomber/plumífero Versace Jeans Couture con el icónico estampado barroco negro y dorado de la marca. Una pieza llamativa, a la vez streetwear y lujosa.

El artículo está completamente nuevo, nunca usado, y se ha conservado con mucho cuidado en un ambiente sin humo ni animales.

Detalles técnicos y autenticidad:
Autenticidad garantizada: código Certilogo oficial en la etiqueta (CLG: 268 470 158 096), que permite verificar la autenticidad en la web oficial.
Fabricación: bajo licencia oficial de Swinger International SpA (Italia). Fabricado en China.
Referencia: E5HSB983 - 5024 1
Talla: IT 40, corresponde a FR 36 / S.
Relleno premium: aislamiento térmico ligero y eficaz mediante fibras de poliéster y plumón natural de gran calidad (80 % plumón de pato, 20 % plumas de pato). Muy cálido para invierno.
Acabados: cremallera central resistente, bolsillos laterales con cremallera y tiradores grabados con el logotipo de la marca, puños y cintura acanalados negros para un ajuste perfecto.","Sublime blouson bomber/doudoune Versace Jeans Couture arborant l’emblématique imprimé baroque noir et doré de la marque. Une pièce forte, à la fois streetwear et luxueuse.

L’article est absolument neuf, jamais porté, et a été conservé avec le plus grand soin dans un environnement non-fumeur et sans animaux.

Détails techniques et authenticité :
Authenticité garantie : code Certilogo officiel présent sur l’étiquette (CLG : 268 470 158 096), permettant de vérifier l’authenticité sur le site officiel.
Fabrication : sous licence officielle Swinger International SpA (Italie). Fabriqué en Chine.
Référence modèle : E5HSB983 - 5024 1
Taille : IT 40, correspond à FR 36 / S.
Rembourrage haut de gamme : isolation thermique légère et très performante grâce à des fibres de polyester et du duvet naturel de grande qualité (80 % duvet de canard, 20 % plumes de canard). Très chaud pour l’hiver.
Finitions : fermeture éclair centrale robuste, poches latérales zippées avec curseurs gravés du logo de la marque, bords-côtes noirs aux poignets et à la taille pour une coupe ajustée parfaite.",https://www.vinted.pt/items/9665390740,5,vinted_export/images/9665390740/01.webp | vinted_export/images/9665390740/02.webp | vinted_export/images/9665390740/03.webp | vinted_export/images/9665390740/04.webp | vinted_export/images/9665390740/05.webp,pt.bidnow@gmail.com,collectibles,Fashion,Used - Excellent,best-offer,30 days,flat-rate,15,no-returns,Lisboa,PT
9564038757,Sac Michael Kors rose fuchsia avec chaîne argentée,99,EUR,"Sac Michael Kors rose fuchsia avec chaîne argentée 

Magnifique sac Michael Kors coloris rose fuchsia très tendance. Modèle élégant pouvant être porté à la main ou à l’épaule grâce à sa chaîne argentée amovible.


✨ Fermeture zippée
✨ Doublure propre
✨ Livré avec son dustbag Michael Kors
✨ Couleur vive et lumineuse, idéale pour l’été

L 27 x H 20,5 x P 7 cm

#MichaelKors #SacMichaelKors #SacMain #SacEpaule #SacRose #SacFuchsia #ModeFemme #Fashion #SacTendance #LuxeAccessible #DesignerBag #VintedFrance #BonEtat #SacCuir #MichaelKorsBag","Mala Michael Kors rosa-fúcsia com corrente prateada.

Magnífica mala Michael Kors numa cor rosa-fúcsia muito atual. Modelo elegante que pode ser usado na mão ou ao ombro graças à corrente prateada amovível.

✨ Fecho de correr
✨ Forro limpo
✨ Inclui dust bag Michael Kors
✨ Cor viva e luminosa, ideal para o verão

27 × 20,5 × 7 cm.

#MichaelKors #SacMichaelKors #SacMain #SacEpaule #SacRose #SacFuchsia #ModeFemme #Fashion #SacTendance #LuxeAccessible #DesignerBag #VintedFrance #BonEtat #SacCuir #MichaelKorsBag","Fuchsia-pink Michael Kors bag with silver-tone chain.

Beautiful Michael Kors bag in a very fashionable fuchsia-pink color. Elegant model that can be carried by hand or on the shoulder thanks to its removable silver-tone chain.

✨ Zip closure
✨ Clean lining
✨ Comes with Michael Kors dust bag
✨ Bright, vibrant color, ideal for summer

27 × 20.5 × 7 cm.

#MichaelKors #SacMichaelKors #SacMain #SacEpaule #SacRose #SacFuchsia #ModeFemme #Fashion #SacTendance #LuxeAccessible #DesignerBag #VintedFrance #BonEtat #SacCuir #MichaelKorsBag","Bolso Michael Kors rosa fucsia con cadena plateada.

Precioso bolso Michael Kors en un color rosa fucsia muy actual. Modelo elegante que puede llevarse en la mano o al hombro gracias a su cadena plateada extraíble.

✨ Cierre con cremallera
✨ Forro limpio
✨ Incluye guardapolvo Michael Kors
✨ Color vivo y luminoso, ideal para verano

27 × 20,5 × 7 cm.

#MichaelKors #SacMichaelKors #SacMain #SacEpaule #SacRose #SacFuchsia #ModeFemme #Fashion #SacTendance #LuxeAccessible #DesignerBag #VintedFrance #BonEtat #SacCuir #MichaelKorsBag","Sac Michael Kors rose fuchsia avec chaîne argentée.

Magnifique sac Michael Kors coloris rose fuchsia très tendance. Modèle élégant pouvant être porté à la main ou à l’épaule grâce à sa chaîne argentée amovible.

✨ Fermeture zippée
✨ Doublure propre
✨ Livré avec son dust bag Michael Kors
✨ Couleur vive et lumineuse, idéale pour l’été

27 × 20,5 × 7 cm.

#MichaelKors #SacMichaelKors #SacMain #SacEpaule #SacRose #SacFuchsia #ModeFemme #Fashion #SacTendance #LuxeAccessible #DesignerBag #VintedFrance #BonEtat #SacCuir #MichaelKorsBag",https://www.vinted.pt/items/9564038757,5,vinted_export/images/9564038757/01.webp | vinted_export/images/9564038757/02.webp | vinted_export/images/9564038757/03.webp | vinted_export/images/9564038757/04.webp | vinted_export/images/9564038757/05.webp,pt.bidnow@gmail.com,collectibles,Fashion,Used - Excellent,best-offer,30 days,flat-rate,15,no-returns,Lisboa,PT
9687856165,Pull sweat burberry en laine rose,59,EUR,"vends ce très joli pull en maille de la marque Thomas Burberry (by Burberry) de couleur rose fuchsia / rose vif.Idéal pour apporter une touche de couleur et de chaleur à vos tenues d'automne et d'hiver !Détails de l'article 
Marque : Thomas Burberry 
Taille : L (coupe classique) 
Couleur : Fuchsia 
Composition : 80% Laine d'agneau (Lambswool), 20% Polyamide (matière très douce, chaude et de qualité)
Col : Rond 
Détails : Petit logo discret brodé sur la poitrine 
État : Très bon état général","Vendo esta bonita camisola de malha Thomas Burberry (by Burberry), rosa-fúcsia/rosa vivo. Ideal para acrescentar cor e calor aos looks de outono e inverno.

Detalhes:
Marca: Thomas Burberry
Tamanho: L, corte clássico
Cor: fúcsia
Composição: 80% lã de cordeiro, 20% poliamida — material muito macio, quente e de qualidade
Gola: redonda
Detalhes: pequeno logótipo discreto bordado no peito
Estado: muito bom estado geral.","I’m selling this very pretty Thomas Burberry (by Burberry) knit sweater in fuchsia/bright pink. Ideal for adding color and warmth to autumn and winter outfits.

Details:
Brand: Thomas Burberry
Size: L, classic fit
Color: fuchsia
Composition: 80% lambswool, 20% polyamide — very soft, warm, high-quality material
Neck: crew neck
Details: small discreet embroidered logo on the chest
Condition: very good overall condition.","Vendo este bonito jersey de punto Thomas Burberry (by Burberry) en rosa fucsia/rosa intenso. Ideal para aportar color y calidez a los looks de otoño e invierno.

Detalles:
Marca: Thomas Burberry
Talla: L, corte clásico
Color: fucsia
Composición: 80 % lana de cordero, 20 % poliamida — material muy suave, cálido y de calidad
Cuello: redondo
Detalles: pequeño logotipo discreto bordado en el pecho
Estado: muy buen estado general.","Je vends ce très joli pull en maille Thomas Burberry (by Burberry) de couleur rose fuchsia/rose vif. Idéal pour apporter une touche de couleur et de chaleur aux tenues d’automne et d’hiver.

Détails :
Marque : Thomas Burberry
Taille : L, coupe classique
Couleur : fuchsia
Composition : 80 % laine d’agneau, 20 % polyamide — matière très douce, chaude et de qualité
Col : rond
Détails : petit logo discret brodé sur la poitrine
État : très bon état général.",https://www.vinted.pt/items/9687856165,5,vinted_export/images/9687856165/01.webp | vinted_export/images/9687856165/02.webp | vinted_export/images/9687856165/03.webp | vinted_export/images/9687856165/04.webp | vinted_export/images/9687856165/05.webp,pt.bidnow@gmail.com,collectibles,Fashion,Used - Excellent,best-offer,30 days,flat-rate,15,no-returns,Lisboa,PT
9934895812,Pennello,4.5,EUR,Nuovo,Novo.,New.,Nuevo.,Neuf.,https://www.vinted.pt/items/9934895812-pennello,5,vinted_export/images/9934895812/01.webp | vinted_export/images/9934895812/02.webp | vinted_export/images/9934895812/03.webp | vinted_export/images/9934895812/04.webp | vinted_export/images/9934895812/05.webp,pt.bidnow@gmail.com,collectibles,Fashion,Used - Excellent,best-offer,30 days,flat-rate,15,no-returns,Lisboa,PT
9917749923,Bolso ysl negro 🖤,450,EUR,"Le 57. Comprado de segunda mano y usado pero en muy buen estado, sin desperfectos y con el interior limpio. Ya no tengo la caja ni dustbag.","Le 57. Comprado em segunda mão e usado, mas em muito bom estado, sem danos e com o interior limpo. Já não tenho a caixa nem o dust bag.","Le 57. Bought second-hand and used, but in very good condition, with no damage and a clean interior. I no longer have the box or dust bag.","Le 57. Comprado de segunda mano y usado, pero en muy buen estado, sin desperfectos y con el interior limpio. Ya no tengo la caja ni el guardapolvo.","Le 57. Acheté d’occasion et utilisé, mais en très bon état, sans défaut et avec l’intérieur propre. Je n’ai plus la boîte ni le dust bag.",https://www.vinted.pt/items/9917749923-bolso-ysl-negro,5,vinted_export/images/9917749923/01.webp | vinted_export/images/9917749923/02.webp | vinted_export/images/9917749923/03.webp | vinted_export/images/9917749923/04.webp | vinted_export/images/9917749923/05.webp,pt.bidnow@gmail.com,collectibles,Fashion,Used - Excellent,best-offer,30 days,flat-rate,15,no-returns,Lisboa,PT
9950648997,YSL Black Opium Eau de Parfum 50ml,50,EUR,YSL Black Opium Eau de Parfum 50ml new and sealed in original packaging.,"YSL Black Opium Eau de Parfum 50 ml, novo e selado na embalagem original.","YSL Black Opium Eau de Parfum 50 ml, new and sealed in original packaging.","YSL Black Opium Eau de Parfum 50 ml, nuevo y precintado en su embalaje original.","YSL Black Opium Eau de Parfum 50 ml, neuf et scellé dans son emballage d’origine.",https://www.vinted.pt/items/9950648997-ysl-black-opium-eau-de-parfum-50ml,5,vinted_export/images/9950648997/01.webp | vinted_export/images/9950648997/02.webp | vinted_export/images/9950648997/03.webp | vinted_export/images/9950648997/04.webp | vinted_export/images/9950648997/05.webp,pt.bidnow@gmail.com,collectibles,Fashion,Used - Excellent,best-offer,30 days,flat-rate,15,no-returns,Lisboa,PT
9937840768,Rouge pour couture n13 Ysl,12.5,EUR,Prachtige kleur,Cor lindíssima.,Beautiful color.,Color precioso.,Très belle couleur.,https://www.vinted.pt/items/9937840768-rouge-pour-couture-n13-ysl,5,vinted_export/images/9937840768/01.webp | vinted_export/images/9937840768/02.webp | vinted_export/images/9937840768/03.webp | vinted_export/images/9937840768/04.webp | vinted_export/images/9937840768/05.webp,pt.bidnow@gmail.com,collectibles,Fashion,Used - Excellent,best-offer,30 days,flat-rate,15,no-returns,Lisboa,PT
9935695407,"T-shirt MC2 Saint Barth a righe rosa e gialle ""Sea, Sand, Sun Barth”",10,EUR,"T-shirt originale MC2 Saint Barth a righe rosa e bianche, con girocollo giallo e la scritta ricamata sul petto ""Sea, Sand, Sun Barth"".
 Marca: MC2 Saint Barth
 Condizioni: Presenta due piccoli difetti ben visibili nelle foto dedicate: un piccolo buchino sul davanti e uno sulla manica (appena sopra il logo ricamato). Per il resto il tessuto è in buone condizioni generali.
 Dettagli: Perfetta per un look estivo informale o per la spiaggia; i due piccoli buchi si possono facilmente sistemare con un punto di cucitura.","T-shirt original MC2 Saint Barth às riscas rosa e brancas, com gola redonda amarela e inscrição bordada no peito “Sea, Sand, Sun Barth”.
Marca: MC2 Saint Barth.
Estado: apresenta dois pequenos defeitos claramente visíveis nas fotos dedicadas: um pequeno furo na frente e outro na manga, logo acima do logótipo bordado. De resto, o tecido está em bom estado geral.
Detalhes: perfeita para um look informal de verão ou praia; os dois pequenos furos podem ser facilmente reparados com alguns pontos de costura.","Original MC2 Saint Barth T-shirt with pink-and-white stripes, a yellow crew neck and the embroidered text “Sea, Sand, Sun Barth” on the chest.
Brand: MC2 Saint Barth.
Condition: it has two small defects clearly visible in the dedicated photos: a small hole on the front and one on the sleeve just above the embroidered logo. Otherwise, the fabric is in good overall condition.
Details: perfect for a casual summer or beach look; the two small holes can easily be repaired with a few stitches.","Camiseta original MC2 Saint Barth de rayas rosas y blancas, con cuello redondo amarillo y texto bordado en el pecho “Sea, Sand, Sun Barth”.
Marca: MC2 Saint Barth.
Estado: presenta dos pequeños defectos claramente visibles en las fotos específicas: un pequeño agujero en la parte delantera y otro en la manga, justo encima del logotipo bordado. Por lo demás, el tejido está en buen estado general.
Detalles: perfecta para un look informal de verano o playa; los dos pequeños agujeros pueden arreglarse fácilmente con unas puntadas.","T-shirt original MC2 Saint Barth à rayures roses et blanches, avec col rond jaune et inscription brodée sur la poitrine “Sea, Sand, Sun Barth”.
Marque : MC2 Saint Barth.
État : présente deux petits défauts clairement visibles sur les photos dédiées : un petit trou sur le devant et un autre sur la manche, juste au-dessus du logo brodé. Pour le reste, le tissu est en bon état général.
Détails : parfait pour un look d’été décontracté ou pour la plage ; les deux petits trous peuvent facilement être réparés avec quelques points de couture.",https://www.vinted.pt/items/9935695407-t-shirt-mc2-saint-barth-a-righe-rosa-e-gialle-sea-sand-sun-barth,5,vinted_export/images/9935695407/01.webp | vinted_export/images/9935695407/02.webp | vinted_export/images/9935695407/03.webp | vinted_export/images/9935695407/04.webp | vinted_export/images/9935695407/05.webp,pt.bidnow@gmail.com,collectibles,Fashion,Used - Excellent,best-offer,30 days,flat-rate,15,no-returns,Lisboa,PT
9894886278,Sac mini cabas. YSL,60,EUR,"Il est magnifique ! Élégant. Jamais porté. Propre. Examiné par l équipe vinted, authentique. Prix fixe.",É magnífico! Elegante. Nunca usado. Limpo. Examinado pela equipa da Vinted e considerado autêntico. Preço fixo.,It is beautiful! Elegant. Never worn. Clean. Examined by the Vinted team and authenticated. Fixed price.,¡Es precioso! Elegante. Nunca usado. Limpio. Examinado por el equipo de Vinted y autenticado. Precio fijo.,Il est magnifique ! Élégant. Jamais porté. Propre. Examiné par l’équipe Vinted et authentifié. Prix fixe.,https://www.vinted.pt/items/9894886278-sac-mini-cabas-ysl,5,vinted_export/images/9894886278/01.webp | vinted_export/images/9894886278/02.webp | vinted_export/images/9894886278/03.webp | vinted_export/images/9894886278/04.webp | vinted_export/images/9894886278/05.webp,pt.bidnow@gmail.com,collectibles,Fashion,Used - Excellent,best-offer,30 days,flat-rate,15,no-returns,Lisboa,PT
9888796275,Yves Saint Laurent,1100,EUR,"Mooie kalfs lederen tas, met een hele lichte beschadiging, zie foto. Alles wat je op de foto ziet, zit erbij.","Bonita mala em pele de vitelo, com uma marca muito ligeira; ver fotografia. Tudo o que aparece nas fotografias está incluído.",Beautiful calf-leather bag with one very light mark; see photo. Everything shown in the photos is included.,"Bonito bolso de piel de becerro, con una marca muy leve; ver foto. Se incluye todo lo que aparece en las fotos.","Beau sac en cuir de veau, avec une très légère marque ; voir photo. Tout ce qui apparaît sur les photos est inclus.",https://www.vinted.pt/items/9888796275-yves-saint-laurent,5,vinted_export/images/9888796275/01.webp | vinted_export/images/9888796275/02.webp | vinted_export/images/9888796275/03.webp | vinted_export/images/9888796275/04.webp | vinted_export/images/9888796275/05.webp,pt.bidnow@gmail.com,collectibles,Fashion,Used - Excellent,best-offer,30 days,flat-rate,15,no-returns,Lisboa,PT
9939291980,YvesSaintLaurent,20,EUR,Bueno,Bom.,Good.,Bueno.,Bon.,https://www.vinted.pt/items/9939291980-yvessaintlaurent,5,vinted_export/images/9939291980/01.webp | vinted_export/images/9939291980/02.webp | vinted_export/images/9939291980/03.webp | vinted_export/images/9939291980/04.webp | vinted_export/images/9939291980/05.webp,pt.bidnow@gmail.com,collectibles,Fashion,Used - Excellent,best-offer,30 days,flat-rate,15,no-returns,Lisboa,PT
9945786042,Palette yeux YSL,35,EUR,"Neuf
Palette YSL","Nova.
Paleta YSL.","New.
YSL palette.","Nueva.
Paleta YSL.","Neuve.
Palette YSL.",https://www.vinted.pt/items/9945786042-palette-yeux-ysl,5,vinted_export/images/9945786042/01.webp | vinted_export/images/9945786042/02.webp | vinted_export/images/9945786042/03.webp | vinted_export/images/9945786042/04.webp | vinted_export/images/9945786042/05.webp,pt.bidnow@gmail.com,collectibles,Fashion,Used - Excellent,best-offer,30 days,flat-rate,15,no-returns,Lisboa,PT
9945225301,YSL Cassandre Bag,530,EUR,"Yves Saint Laurent YSL Cassandre Bag (Phone Holder)
As new with dust bag and box and with original invoice, still in the warranty","Mala Yves Saint Laurent YSL Cassandre (porta-telemóvel).
Como nova, com dust bag, caixa e fatura original; ainda está dentro da garantia.","Yves Saint Laurent YSL Cassandre Bag (phone holder).
Like new with dust bag, box and original invoice; still under warranty.","Bolso Yves Saint Laurent YSL Cassandre (portamóvil).
Como nuevo, con guardapolvo, caja y factura original; todavía está en garantía.","Sac Yves Saint Laurent YSL Cassandre (porte-téléphone).
Comme neuf, avec dust bag, boîte et facture originale ; encore sous garantie.",https://www.vinted.pt/items/9945225301-ysl-cassandre-bag,5,vinted_export/images/9945225301/01.webp | vinted_export/images/9945225301/02.webp | vinted_export/images/9945225301/03.webp | vinted_export/images/9945225301/04.webp | vinted_export/images/9945225301/05.webp,pt.bidnow@gmail.com,collectibles,Fashion,Used - Excellent,best-offer,30 days,flat-rate,15,no-returns,Lisboa,PT
9893466998,Imper homme,50,EUR,Très belle qualité,Qualidade muito boa.,Very good quality.,Muy buena calidad.,Très belle qualité.,https://www.vinted.pt/items/9893466998-imper-homme,5,vinted_export/images/9893466998/01.webp | vinted_export/images/9893466998/02.webp | vinted_export/images/9893466998/03.webp | vinted_export/images/9893466998/04.webp | vinted_export/images/9893466998/05.webp,pt.bidnow@gmail.com,collectibles,Fashion,Used - Excellent,best-offer,30 days,flat-rate,15,no-returns,Lisboa,PT
9932092242,Yves saint Laurent pouchette make up,10,EUR,Pochette make up,Pochette de maquilhagem.,Makeup pouch.,Neceser de maquillaje.,Pochette de maquillage.,https://www.vinted.pt/items/9932092242-yves-saint-laurent-pouchette-make-up,5,vinted_export/images/9932092242/01.webp | vinted_export/images/9932092242/02.webp | vinted_export/images/9932092242/03.webp | vinted_export/images/9932092242/04.webp | vinted_export/images/9932092242/05.webp,pt.bidnow@gmail.com,collectibles,Fashion,Used - Excellent,best-offer,30 days,flat-rate,15,no-returns,Lisboa,PT
9941292023,Yves Saint Laurent Muse Two sac noir cuir grainé medium,480,EUR,"Sac Yves Saint Laurent Muse Two taille médium en cuir grainé noir, avec accastillage argenté. Modèle iconique de la maison, avec grand rabat, fermoir central, anse portée main ou épaule et intérieur spacieux avec poche zippée.

Dimensions : environ 32 x 23 x 15 cm.

Très bon état général, avec quelques marques d’usure aux deux coins arrière. Vendu avec son dust bag YSL.

Prix d’achat : 1400 €.

Envoi le 23 septembre (j’habite Londres et expédierai lors de mon retour à Paris à cette date).","Mala Yves Saint Laurent Muse Two tamanho médio em pele preta granulada, com ferragens prateadas. Modelo icónico da maison, com grande aba, fecho central, asa para usar na mão ou ao ombro e interior espaçoso com bolso de fecho.

Dimensões: aproximadamente 32 × 23 × 15 cm.

Muito bom estado geral, com algumas marcas de desgaste nos dois cantos traseiros. Vendida com dust bag YSL.

Preço de compra: 1 400 €.

Envio a 23 de setembro (vivo em Londres e enviarei quando regressar a Paris nessa data).","Medium Yves Saint Laurent Muse Two bag in black grained leather with silver-tone hardware. Iconic house model with a large flap, central clasp, handle for hand or shoulder carry and spacious interior with zipped pocket.

Dimensions: approximately 32 × 23 × 15 cm.

Very good overall condition, with some wear marks on the two rear corners. Sold with YSL dust bag.

Purchase price: €1,400.

Shipping on 23 September (I live in London and will ship when I return to Paris on that date).","Bolso Yves Saint Laurent Muse Two tamaño mediano de piel negra granulada, con herrajes plateados. Modelo icónico de la maison, con gran solapa, cierre central, asa para llevar en la mano o al hombro e interior espacioso con bolsillo con cremallera.

Dimensiones: aproximadamente 32 × 23 × 15 cm.

Muy buen estado general, con algunas marcas de desgaste en las dos esquinas traseras. Se vende con guardapolvo YSL.

Precio de compra: 1.400 €.

Envío el 23 de septiembre (vivo en Londres y lo enviaré cuando vuelva a París en esa fecha).","Sac Yves Saint Laurent Muse Two taille médium en cuir grainé noir, avec accastillage argenté. Modèle iconique de la maison, avec grand rabat, fermoir central, anse portée main ou épaule et intérieur spacieux avec poche zippée.

Dimensions : environ 32 × 23 × 15 cm.

Très bon état général, avec quelques marques d’usure aux deux coins arrière. Vendu avec son dust bag YSL.

Prix d’achat : 1 400 €.

Envoi le 23 septembre (j’habite Londres et expédierai lors de mon retour à Paris à cette date).",https://www.vinted.pt/items/9941292023-yves-saint-laurent-muse-two-sac-noir-cuir-graine-medium,5,vinted_export/images/9941292023/01.webp | vinted_export/images/9941292023/02.webp | vinted_export/images/9941292023/03.webp | vinted_export/images/9941292023/04.webp | vinted_export/images/9941292023/05.webp,pt.bidnow@gmail.com,collectibles,Fashion,Used - Excellent,best-offer,30 days,flat-rate,15,no-returns,Lisboa,PT
9950940767,YSL - crayon à lèvre,13,EUR,"Neuf - couleur Fushia 

Envoi rapide 

N’hésitez pas à aller voir mon dressing, d’autres articles peuvent peut être vous intéresser 🙂","Novo — cor fúcsia.

Envio rápido.

Não hesite em ver o meu closet; outros artigos podem interessar-lhe 🙂","New — fuchsia color.

Fast shipping.

Feel free to browse my wardrobe; you may find other items you like 🙂","Nuevo — color fucsia.

Envío rápido.

No dudes en echar un vistazo a mi armario; puede que te interesen otros artículos 🙂","Neuf — couleur fuchsia.

Envoi rapide.

N’hésitez pas à aller voir mon dressing, d’autres articles peuvent peut-être vous intéresser 🙂",https://www.vinted.pt/items/9950940767-ysl-crayon-a-levre,5,vinted_export/images/9950940767/01.webp | vinted_export/images/9950940767/02.webp | vinted_export/images/9950940767/03.webp | vinted_export/images/9950940767/04.webp | vinted_export/images/9950940767/05.webp,pt.bidnow@gmail.com,collectibles,Fashion,Used - Excellent,best-offer,30 days,flat-rate,15,no-returns,Lisboa,PT
9949067169,Lunette Yves Saint Laurent,40,EUR,Lunette de vue vendu pour la monture en parfait état,"Óculos graduados vendidos pela armação, em perfeito estado.","Prescription glasses sold for the frame, in perfect condition.","Gafas graduadas vendidas por la montura, en perfecto estado.","Lunettes de vue vendues pour la monture, en parfait état.",https://www.vinted.pt/items/9949067169-lunette-yves-saint-laurent,5,vinted_export/images/9949067169/01.webp | vinted_export/images/9949067169/02.webp | vinted_export/images/9949067169/03.webp | vinted_export/images/9949067169/04.webp | vinted_export/images/9949067169/05.webp,pt.bidnow@gmail.com,collectibles,Fashion,Used - Excellent,best-offer,30 days,flat-rate,15,no-returns,Lisboa,PT
9925924520,Profumo YSL Berry Crush + matita + omaggio,14.9,EUR,"•Profumo YSL Berry Crush eau de parfum fruitée 7,5 ml
• Matita lovenude kiss shaoer 107 formato viaggio
 + omaggio Myself eau de parfum 1,2 ml","• Perfume YSL Berry Crush Eau de Parfum frutado, 7,5 ml
• Lápis Lovenude Kiss Shaper 107 em formato de viagem
+ oferta de Myself Eau de Parfum 1,2 ml","• YSL Berry Crush fruity Eau de Parfum, 7.5 ml
• Lovenude Kiss Shaper pencil 107 in travel size
+ complimentary Myself Eau de Parfum 1.2 ml","• Perfume YSL Berry Crush Eau de Parfum afrutado, 7,5 ml
• Lápiz Lovenude Kiss Shaper 107 en formato de viaje
+ regalo de Myself Eau de Parfum 1,2 ml","• Parfum YSL Berry Crush Eau de Parfum fruitée, 7,5 ml
• Crayon Lovenude Kiss Shaper 107 format voyage
+ Myself Eau de Parfum 1,2 ml offert",https://www.vinted.pt/items/9925924520-profumo-ysl-berry-crush-matita-omaggio,5,vinted_export/images/9925924520/01.webp | vinted_export/images/9925924520/02.webp | vinted_export/images/9925924520/03.webp | vinted_export/images/9925924520/04.webp | vinted_export/images/9925924520/05.webp,pt.bidnow@gmail.com,collectibles,Fashion,Used - Excellent,best-offer,30 days,flat-rate,15,no-returns,Lisboa,PT
9890749295,Libre Berry Crush YSL,40,EUR,Perfume Libre Berry Crush 30ml da Yves Saint Laurent selado ✨,"Perfume Libre Berry Crush 30 ml da Yves Saint Laurent, selado ✨","Yves Saint Laurent Libre Berry Crush perfume, 30 ml, sealed ✨","Perfume Libre Berry Crush 30 ml de Yves Saint Laurent, precintado ✨","Parfum Libre Berry Crush 30 ml de Yves Saint Laurent, scellé ✨",https://www.vinted.pt/items/9890749295-libre-berry-crush-ysl,5,vinted_export/images/9890749295/01.webp | vinted_export/images/9890749295/02.webp | vinted_export/images/9890749295/03.webp | vinted_export/images/9890749295/04.webp | vinted_export/images/9890749295/05.webp,pt.bidnow@gmail.com,collectibles,Fashion,Used - Excellent,best-offer,30 days,flat-rate,15,no-returns,Lisboa,PT
9726221934,Yves Saint Laurent,167,EUR,"Belle vintage YSL super bon état! Fonctionne parfaitement! Cadran 25mm. avec le couronne 23 sans couronne.Pour plus de info n’hésitez pas ! Merci 
#montre #bellemontre #watch #ysl #belleyvessaintlaurent #superjoliemontre #yvessaintlaurent #vintage #vintageysl #vintagemontre #bellevintagemontre #vintageyvessaintlaurent","Belo YSL vintage, em ótimo estado! Funciona perfeitamente. Mostrador 25 mm com coroa, 23 mm sem coroa. Para mais informações, não hesite em contactar. Obrigado.
#montre #bellemontre #watch #ysl #belleyvessaintlaurent #superjoliemontre #yvessaintlaurent #vintage #vintageysl #vintagemontre #bellevintagemontre #vintageyvessaintlaurent","Beautiful vintage YSL in very good condition! Works perfectly. Dial 25 mm with crown, 23 mm without crown. Feel free to ask for more information. Thank you.
#montre #bellemontre #watch #ysl #belleyvessaintlaurent #superjoliemontre #yvessaintlaurent #vintage #vintageysl #vintagemontre #bellevintagemontre #vintageyvessaintlaurent","Precioso YSL vintage en muy buen estado. Funciona perfectamente. Esfera de 25 mm con corona, 23 mm sin corona. Para más información, no dudes en preguntar. Gracias.
#montre #bellemontre #watch #ysl #belleyvessaintlaurent #superjoliemontre #yvessaintlaurent #vintage #vintageysl #vintagemontre #bellevintagemontre #vintageyvessaintlaurent","Belle YSL vintage en très bon état ! Fonctionne parfaitement. Cadran 25 mm avec couronne, 23 mm sans couronne. Pour plus d’informations, n’hésitez pas. Merci.
#montre #bellemontre #watch #ysl #belleyvessaintlaurent #superjoliemontre #yvessaintlaurent #vintage #vintageysl #vintagemontre #bellevintagemontre #vintageyvessaintlaurent",https://www.vinted.pt/items/9726221934-yves-saint-laurent,5,vinted_export/images/9726221934/01.webp | vinted_export/images/9726221934/02.webp | vinted_export/images/9726221934/03.webp | vinted_export/images/9726221934/04.webp | vinted_export/images/9726221934/05.webp,pt.bidnow@gmail.com,collectibles,Fashion,Used - Excellent,best-offer,30 days,flat-rate,15,no-returns,Lisboa,PT
9938458773,Culotte Yves Saint Laurent TM + string Chantelle offert,18,EUR,"Culotte haute YSL noire 
Dentelle, velours 
String Chantelle beige ⚠️ TS
Me contacter avant l’achat 🙏","Cuecas de cintura subida YSL pretas.
Renda, veludo.
Tanga Chantelle bege ⚠️ tamanho S.
Contactar-me antes da compra 🙏","Black high-waisted YSL briefs.
Lace, velvet.
Beige Chantelle thong ⚠️ size S.
Please contact me before purchasing 🙏","Braga de cintura alta YSL negra.
Encaje, terciopelo.
Tanga Chantelle beige ⚠️ talla S.
Contacta conmigo antes de comprar 🙏","Culotte haute YSL noire.
Dentelle, velours.
String Chantelle beige ⚠️ taille S.
Me contacter avant l’achat 🙏",https://www.vinted.pt/items/9938458773-culotte-yves-saint-laurent-tm-string-chantelle-offert,5,vinted_export/images/9938458773/01.webp | vinted_export/images/9938458773/02.webp | vinted_export/images/9938458773/03.webp | vinted_export/images/9938458773/04.webp | vinted_export/images/9938458773/05.webp,pt.bidnow@gmail.com,collectibles,Fashion,Used - Excellent,best-offer,30 days,flat-rate,15,no-returns,Lisboa,PT
8489078072,Sac YSL Loulou Toy,800,EUR,"Sac en cuir de veau noir effet matelassé, bijou argenté, de la marque Yves Saint-Laurent modèle Loulou Toy. Fabriqué en ITALIE.

Dimensions : 20cm de largeur, 14cm de hauteur et 7.5cm de profondeur

Bride ajustable. Fermeture par bouton aimanté dissimulé. Style enveloppe. Plusieurs compartiments intérieurs et poche intérieure zippée.

Présente de légères marques d'usure sur les détails argentés, ainsi que les coins extérieurs. Excellent état intérieur. Entretenu régulièrement avec un produit spécifique.

Acheté dans une boutique revendeur Yves Saint-Laurent.
Vendu avec boîte d'origine, housse de protection et certificat d'authenticité","Mala em pele de vitelo preta com efeito matelassé e ferragens prateadas, Yves Saint Laurent modelo Loulou Toy. Fabricada em Itália.

Dimensões: 20 cm de largura, 14 cm de altura e 7,5 cm de profundidade.

Alça regulável. Fecho por botão magnético oculto. Estilo envelope. Vários compartimentos interiores e bolso interior com fecho.

Apresenta ligeiras marcas de uso nos detalhes prateados e nos cantos exteriores. Interior em excelente estado. Mantida regularmente com produto específico.

Comprada numa loja revendedora Yves Saint Laurent.
Vendida com caixa original, dust bag e certificado de autenticidade.","Black calf-leather bag with quilted effect and silver-tone hardware, Yves Saint Laurent Loulou Toy model. Made in Italy.

Dimensions: 20 cm wide, 14 cm high and 7.5 cm deep.

Adjustable strap. Concealed magnetic-button closure. Envelope style. Several interior compartments and an interior zipped pocket.

Shows light wear on the silver-tone details and outer corners. Interior in excellent condition. Regularly maintained with a specific care product.

Purchased from an Yves Saint Laurent reseller boutique.
Sold with original box, dust bag and authenticity certificate.","Bolso de piel de becerro negra con efecto acolchado y herrajes plateados, modelo Yves Saint Laurent Loulou Toy. Fabricado en Italia.

Dimensiones: 20 cm de ancho, 14 cm de alto y 7,5 cm de fondo.

Correa ajustable. Cierre con botón magnético oculto. Estilo sobre. Varios compartimentos interiores y bolsillo interior con cremallera.

Presenta ligeras marcas de uso en los detalles plateados y en las esquinas exteriores. Interior en excelente estado. Mantenido regularmente con un producto específico.

Comprado en una tienda distribuidora Yves Saint Laurent.
Se vende con caja original, guardapolvo y certificado de autenticidad.","Sac en cuir de veau noir effet matelassé, bijou argenté, Yves Saint Laurent modèle Loulou Toy. Fabriqué en Italie.

Dimensions : 20 cm de largeur, 14 cm de hauteur et 7,5 cm de profondeur.

Bride ajustable. Fermeture par bouton aimanté dissimulé. Style enveloppe. Plusieurs compartiments intérieurs et poche intérieure zippée.

Présente de légères marques d'usure sur les détails argentés et les coins extérieurs. Excellent état intérieur. Entretenu régulièrement avec un produit spécifique.

Acheté dans une boutique revendeur Yves Saint Laurent.
Vendu avec boîte d'origine, housse de protection et certificat d'authenticité.",https://www.vinted.pt/items/8489078072-sac-ysl-loulou-toy,5,vinted_export/images/8489078072/01.webp | vinted_export/images/8489078072/02.webp | vinted_export/images/8489078072/03.webp | vinted_export/images/8489078072/04.webp | vinted_export/images/8489078072/05.webp,pt.bidnow@gmail.com,collectibles,Fashion,Used - Excellent,best-offer,30 days,flat-rate,15,no-returns,Lisboa,PT
9836043604,Yves Saint Laurent Cassandre wallet on chain,695,EUR,"Originele Saint Laurent Wallet on Chain in donkerbeige met goudkleurige hardware. Tijdloos model met het bekende chevron patroon.

De tas is gebruikt en heeft enkele gebruikerssporen, met name aan de randen en hoeken. Zie hiervoor de foto’s. Verder nog in mooie staat.

Inclusief originele Saint Laurent doos.","Saint Laurent Wallet on Chain original em bege-escuro, com ferragens douradas. Modelo intemporal com o conhecido padrão chevron.

A mala foi usada e apresenta alguns sinais de uso, sobretudo nas extremidades e cantos. Ver fotografias. De resto, continua em bom estado.

Inclui a caixa original Saint Laurent.","Original Saint Laurent Wallet on Chain in dark beige with gold-tone hardware. Timeless model with the well-known chevron pattern.

The bag has been used and shows some signs of wear, especially around the edges and corners. See photos. Otherwise, it remains in good condition.

Includes the original Saint Laurent box.","Saint Laurent Wallet on Chain original en beige oscuro con herrajes dorados. Modelo atemporal con el conocido patrón chevron.

El bolso ha sido usado y presenta algunos signos de uso, especialmente en los bordes y esquinas. Ver fotos. Por lo demás, sigue en buen estado.

Incluye la caja original Saint Laurent.","Saint Laurent Wallet on Chain original en beige foncé avec ferrures dorées. Modèle intemporel avec le célèbre motif chevron.

Le sac a été utilisé et présente quelques traces d’usage, notamment sur les bords et les coins. Voir photos. Il reste néanmoins en bon état.

Boîte Saint Laurent d’origine incluse.",https://www.vinted.pt/items/9836043604-yves-saint-laurent-cassandre-wallet-on-chain,5,vinted_export/images/9836043604/01.webp | vinted_export/images/9836043604/02.webp | vinted_export/images/9836043604/03.webp | vinted_export/images/9836043604/04.webp | vinted_export/images/9836043604/05.webp,pt.bidnow@gmail.com,collectibles,Fashion,Used - Excellent,best-offer,30 days,flat-rate,15,no-returns,Lisboa,PT
9949837210,Eau de toilette « Black Opium »,20,EUR,"Eau de toilette « Black Opium »
90ml
Utilisé 2-3 fois (Voir niveau du liquide sur la photo)
Il ne me convient pas","Eau de Toilette “Black Opium”.
90 ml.
Utilizado 2-3 vezes (ver nível do líquido na fotografia).
Não é adequado para mim.","“Black Opium” Eau de Toilette.
90 ml.
Used 2-3 times (see liquid level in the photo).
It doesn’t suit me.","Eau de Toilette “Black Opium”.
90 ml.
Usado 2-3 veces (ver nivel del líquido en la foto).
No me va bien.","Eau de toilette « Black Opium ».
90 ml.
Utilisée 2-3 fois (voir niveau du liquide sur la photo).
Elle ne me convient pas.",https://www.vinted.pt/items/9949837210-eau-de-toilette-black-opium,5,vinted_export/images/9949837210/01.webp | vinted_export/images/9949837210/02.webp | vinted_export/images/9949837210/03.webp | vinted_export/images/9949837210/04.webp | vinted_export/images/9949837210/05.webp,pt.bidnow@gmail.com,collectibles,Fashion,Used - Excellent,best-offer,30 days,flat-rate,15,no-returns,Lisboa,PT
9206618054,"Zwarte vintage leren Yves Saint Laurent / YSL schoudertas, goede staat",389,EUR,"Vintage Yves Saint Laurent leren ‘lizard’ schoudertas: een verfijnd en stijlvol vintage statement in uitstekende staat.

Details:
• Luxe zwart leer met lizard / croco-embossed structuur
• Subtiele glans
• Klepsluiting met magneetje en kwastje
• Compact en elegant schoudermodel
• Iconische YSL-logo voering aan de binnenkant

Afmetingen:
• Breedte: 20 cm
• Hoogte: 18 cm
• Diepte: 6 cm
• verstelbaar schouderhengsel, cross body te dragen

Conditie: De tas is nog in zeer goede gebruikte staat, zonder beschadigingen, en vormvast. De aanhechting van het kwastje is wel iets kwetsbaar, zie foto. De tas moet je dus beter openen met de klep, niet met het kwastje.
De prachtig gevoerde binnenkant is schoon en goed onderhouden.
Inclusief originele dust bag.

Good to know: Dit is een pre-loved vintage item. (Kleine) tekenen van gebruik maken deel uit van het authentieke karakter van deze tas.","Mala de ombro vintage Yves Saint Laurent em pele com efeito “lizard”: uma peça vintage refinada e elegante, em excelente estado.

Detalhes:
• Pele preta de luxo com textura embossada lizard/croco
• Brilho subtil
• Aba com fecho magnético e borla
• Modelo de ombro compacto e elegante
• Forro interior com icónico logótipo YSL

Dimensões:
• Largura: 20 cm
• Altura: 18 cm
• Profundidade: 6 cm
• Alça de ombro ajustável, pode ser usada a tiracolo

Estado: muito bom estado usado, sem danos e mantendo a forma. A fixação da borla é um pouco delicada; ver foto. É melhor abrir a mala pela aba e não pela borla. O belo interior forrado está limpo e bem cuidado. Inclui dust bag original.

Bom saber: é um artigo vintage pre-loved. Pequenos sinais de uso fazem parte do carácter autêntico da mala.","Vintage Yves Saint Laurent leather “lizard” shoulder bag: a refined, stylish vintage statement in excellent condition.

Details:
• Luxury black leather with lizard/croc-embossed texture
• Subtle sheen
• Flap closure with magnet and tassel
• Compact, elegant shoulder-bag design
• Iconic YSL-logo lining inside

Dimensions:
• Width: 20 cm
• Height: 18 cm
• Depth: 6 cm
• Adjustable shoulder strap, can be worn crossbody

Condition: very good pre-owned condition, with no damage and retaining its shape. The tassel attachment is a little delicate; see photo. It is better to open the bag using the flap, not the tassel. The beautifully lined interior is clean and well maintained. Includes original dust bag.

Good to know: this is a pre-loved vintage item. Small signs of use are part of the bag’s authentic character.","Bolso de hombro vintage Yves Saint Laurent de piel con efecto “lizard”: una pieza vintage refinada y elegante, en excelente estado.

Detalles:
• Lujosa piel negra con textura grabada tipo lagarto/cocodrilo
• Brillo sutil
• Cierre de solapa con imán y borla
• Modelo de hombro compacto y elegante
• Forro interior con el icónico logotipo YSL

Dimensiones:
• Ancho: 20 cm
• Alto: 18 cm
• Fondo: 6 cm
• Correa de hombro ajustable, puede llevarse cruzado

Estado: muy buen estado usado, sin daños y manteniendo la forma. La sujeción de la borla es un poco delicada; ver foto. Es mejor abrir el bolso por la solapa y no tirar de la borla. El precioso interior forrado está limpio y bien cuidado. Incluye guardapolvo original.

A tener en cuenta: es un artículo vintage pre-loved. Los pequeños signos de uso forman parte del carácter auténtico del bolso.","Sac d’épaule vintage Yves Saint Laurent en cuir effet “lizard” : une pièce vintage raffinée et élégante, en excellent état.

Détails :
• Cuir noir luxueux à texture embossée lézard/croco
• Brillance subtile
• Fermeture à rabat avec aimant et pompon
• Modèle d’épaule compact et élégant
• Doublure intérieure avec logo YSL iconique

Dimensions :
• Largeur : 20 cm
• Hauteur : 18 cm
• Profondeur : 6 cm
• Bandoulière réglable, peut être porté crossbody

État : très bon état d’occasion, sans dommage et conservant sa forme. L’attache du pompon est un peu fragile ; voir photo. Il vaut mieux ouvrir le sac par le rabat plutôt que par le pompon. Le magnifique intérieur doublé est propre et bien entretenu. Dust bag d’origine inclus.

Bon à savoir : il s’agit d’un article vintage pre-loved. Les petites traces d’usage font partie du caractère authentique de ce sac.",https://www.vinted.pt/items/9206618054-zwarte-vintage-leren-yves-saint-laurent-ysl-schoudertas-goede-staat,5,vinted_export/images/9206618054/01.webp | vinted_export/images/9206618054/02.webp | vinted_export/images/9206618054/03.webp | vinted_export/images/9206618054/04.webp | vinted_export/images/9206618054/05.webp,pt.bidnow@gmail.com,collectibles,Fashion,Used - Excellent,best-offer,30 days,flat-rate,15,no-returns,Lisboa,PT
9946286019,YSL Make Me Blush – Blush poudre teinte 44 – Neuf,30,EUR,"Yves Saint Laurent – Make Me Blush
Blush poudre en teinte 44, une jolie couleur rose/mauve élégante et facile à porter.","Yves Saint Laurent — Make Me Blush.
Blush em pó no tom 44, uma bonita cor rosa/malva elegante e fácil de usar.","Yves Saint Laurent — Make Me Blush.
Powder blush in shade 44, a beautiful elegant pink/mauve color that is easy to wear.","Yves Saint Laurent — Make Me Blush.
Blush en polvo tono 44, un bonito color rosa/malva elegante y fácil de llevar.","Yves Saint Laurent — Make Me Blush.
Blush poudre en teinte 44, une jolie couleur rose/mauve élégante et facile à porter.",https://www.vinted.pt/items/9946286019-ysl-make-me-blush-blush-poudre-teinte-44-neuf,5,vinted_export/images/9946286019/01.webp | vinted_export/images/9946286019/02.webp | vinted_export/images/9946286019/03.webp | vinted_export/images/9946286019/04.webp | vinted_export/images/9946286019/05.webp,pt.bidnow@gmail.com,collectibles,Fashion,Used - Excellent,best-offer,30 days,flat-rate,15,no-returns,Lisboa,PT
9628043129,Vintage Yves Saint Laurent blouse for women in black Silk,177,EUR,"Vintage Yves Saint Laurent blouse for women in black. 
Significant bow tie model.
 Very good condition. Made of silk.
One button on the cuff has a small cheap. But still doing its job well. Not very visible.
Size 34 FR. Ok for size XS or S (fitted style).","Blusa vintage Yves Saint Laurent para mulher, preta.
Modelo marcante com laço.
Muito bom estado. Em seda.
Um botão no punho tem uma pequena lasca, mas continua a cumprir a função e quase não se nota.
Tamanho FR 34. Adequada a XS ou S, corte justo.","Vintage Yves Saint Laurent women’s blouse in black.
Distinctive bow-tie style.
Very good condition. Made of silk.
One cuff button has a small chip, but it still works properly and is not very noticeable.
Size FR 34. Suitable for XS or S, fitted style.","Blusa vintage Yves Saint Laurent para mujer, negra.
Modelo llamativo con lazo.
Muy buen estado. De seda.
Un botón del puño tiene un pequeño desconchón, pero sigue funcionando bien y apenas se nota.
Talla FR 34. Adecuada para XS o S, corte entallado.","Blouse vintage Yves Saint Laurent pour femme, noire.
Modèle marquant avec nœud.
Très bon état. En soie.
Un bouton du poignet présente un petit éclat, mais il fonctionne toujours bien et cela se voit peu.
Taille FR 34. Convient à XS ou S, coupe ajustée.",https://www.vinted.pt/items/9628043129,5,vinted_export/images/9628043129/01.webp | vinted_export/images/9628043129/02.webp | vinted_export/images/9628043129/03.webp | vinted_export/images/9628043129/04.webp | vinted_export/images/9628043129/05.webp,pt.bidnow@gmail.com,collectibles,Fashion,Used - Excellent,best-offer,30 days,flat-rate,15,no-returns,Lisboa,PT
9693204430,Vintage Yves Saint Laurent belt,140,EUR,"Vintage Yves Saint Laurent belt made of split leather in bright pink.
Worn several times, excellent condition.
Look carefully at the photos: two tiny crutches on the buckle are not visible when worn. There are dark spots from oxidation of the metal too.
Size 75.
 Rare and collectible.","Cinto vintage Yves Saint Laurent em couro dividido, rosa vivo.
Usado várias vezes, excelente estado.
Observe bem as fotografias: existem duas minúsculas marcas/imperfeições na fivela, invisíveis quando usado. Há também manchas escuras de oxidação do metal.
Tamanho 75.
Raro e de coleção.","Vintage Yves Saint Laurent belt made of split leather in bright pink.
Worn several times, excellent condition.
Look carefully at the photos: there are two tiny marks/imperfections on the buckle that are not visible when worn. There are also dark spots from metal oxidation.
Size 75.
Rare and collectible.","Cinturón vintage Yves Saint Laurent de cuero dividido en rosa intenso.
Usado varias veces, excelente estado.
Mira bien las fotos: hay dos diminutas marcas/imperfecciones en la hebilla que no se ven al llevarlo. También hay manchas oscuras por oxidación del metal.
Talla 75.
Raro y de colección.","Ceinture vintage Yves Saint Laurent en cuir refendu rose vif.
Portée plusieurs fois, excellent état.
Regardez attentivement les photos : deux minuscules marques/imperfections sur la boucle ne se voient pas une fois portée. Il y a également des taches sombres dues à l’oxydation du métal.
Taille 75.
Rare et de collection.",https://www.vinted.pt/items/9693204430,5,vinted_export/images/9693204430/01.webp | vinted_export/images/9693204430/02.webp | vinted_export/images/9693204430/03.webp | vinted_export/images/9693204430/04.webp | vinted_export/images/9693204430/05.webp,pt.bidnow@gmail.com,collectibles,Fashion,Used - Excellent,best-offer,30 days,flat-rate,15,no-returns,Lisboa,PT
9623317408,Vintage Yves Saint Laurent brooch by Robert Goossens,300,EUR,"Yves Saint Laurent vintage brooch by Robert Goossens.

Approx. 3 cm. Gold-tone setting with sparkling crystal stones in rich emerald, sapphire, and icy blue shades that beautifully catch the light day and evening.

Elegant and versatile — wear on a collar, lapel, sleeve, pocket, or styled on a thin ribbon as a chic choker.

Excellent vintage condition, almost like new. YSL signed on the back with original tag attached. One clasp-covering element is slightly loose, but not broken; the brooch fastens and holds well.

A delicate and timeless couture detail.","Pregadeira vintage Yves Saint Laurent por Robert Goossens.

Aprox. 3 cm. Estrutura dourada com cristais cintilantes em tons intensos de esmeralda, safira e azul-gelo, que refletem lindamente a luz de dia e à noite.

Elegante e versátil — pode ser usada na gola, lapela, manga, bolso ou numa fita fina como choker elegante.

Excelente estado vintage, quase como nova. Assinatura YSL no verso com etiqueta original ainda presa. Um elemento que cobre o fecho está ligeiramente solto, mas não partido; a pregadeira fecha e segura bem.

Um detalhe couture delicado e intemporal.","Yves Saint Laurent vintage brooch by Robert Goossens.

Approx. 3 cm. Gold-tone setting with sparkling crystal stones in rich emerald, sapphire and icy-blue shades that beautifully catch the light by day and evening.

Elegant and versatile — wear it on a collar, lapel, sleeve, pocket, or style it on a thin ribbon as a chic choker.

Excellent vintage condition, almost like new. YSL signed on the back with the original tag attached. One clasp-covering element is slightly loose but not broken; the brooch fastens and holds well.

A delicate and timeless couture detail.","Broche vintage Yves Saint Laurent de Robert Goossens.

Aprox. 3 cm. Montura dorada con cristales brillantes en intensos tonos esmeralda, zafiro y azul hielo que captan preciosamente la luz de día y de noche.

Elegante y versátil: puede llevarse en cuello, solapa, manga, bolsillo o sobre una cinta fina como un choker chic.

Excelente estado vintage, casi como nuevo. Firmado YSL en la parte trasera con la etiqueta original aún colocada. Un elemento que cubre el cierre está ligeramente suelto, pero no roto; el broche cierra y sujeta bien.

Un detalle couture delicado y atemporal.","Broche vintage Yves Saint Laurent par Robert Goossens.

Environ 3 cm. Monture dorée avec cristaux scintillants dans de riches nuances émeraude, saphir et bleu glacé, qui captent magnifiquement la lumière de jour comme de soir.

Élégante et polyvalente — à porter sur un col, un revers, une manche, une poche ou sur un fin ruban comme un choker chic.

Excellent état vintage, presque comme neuf. Signée YSL au dos avec l’étiquette d’origine encore attachée. Un élément couvrant le fermoir est légèrement lâche mais non cassé ; la broche ferme et tient bien.

Un détail couture délicat et intemporel.",https://www.vinted.pt/items/9623317408,5,vinted_export/images/9623317408/01.webp | vinted_export/images/9623317408/02.webp | vinted_export/images/9623317408/03.webp | vinted_export/images/9623317408/04.webp | vinted_export/images/9623317408/05.webp,pt.bidnow@gmail.com,collectibles,Fashion,Used - Excellent,best-offer,30 days,flat-rate,15,no-returns,Lisboa,PT
9647236855,Vintage Yves Saint Laurent silk blouse,125,EUR,"Vintage YSL chiffon silk shirt/blouse in a beautiful burgundy/ ruby red colour.
The text on the label is washed out and you can’t see the details.
 But it’s 100% silk, dry cleaning.
 The size is approx S-M.
 Here is a measurements to be sure what is good for you:
 Across the shoulders-40 cm.
 Pit to pit-49 cm approx. 
The length is approx 68-69 cm.
All the buttons are on place. No defects.
 Good general condition.
 

  #vinragestyle #vintagefashion #vintagelook #vintageluxe  #yslvintage   #ysl  #blousevintage   #burgundy   #silk  #timeless  #oldmoney  #trendytop #trendy #trend #vintage  #yslvintage  #dolceandgabbanadress","Camisa/blusa vintage YSL em chiffon de seda, numa bonita cor bordô/vermelho-rubi.
O texto da etiqueta está desbotado e já não é possível ver os detalhes.
É 100% seda, limpeza a seco.
Tamanho aproximado S-M.
Medidas para confirmar: ombro a ombro 40 cm; axila a axila aprox. 49 cm; comprimento aprox. 68-69 cm.
Todos os botões estão presentes. Sem defeitos. Bom estado geral.

#vinragestyle #vintagefashion #vintagelook #vintageluxe #yslvintage #ysl #blousevintage #burgundy #silk #timeless #oldmoney #trendytop #trendy #trend #vintage #yslvintage #dolceandgabbanadress","Vintage YSL chiffon silk shirt/blouse in a beautiful burgundy/ruby-red color.
The text on the label is washed out and the details can no longer be read.
It is 100% silk, dry clean only.
Approximate size S-M.
Measurements to check fit: shoulder to shoulder 40 cm; pit to pit approx. 49 cm; length approx. 68-69 cm.
All buttons are present. No defects. Good overall condition.

#vinragestyle #vintagefashion #vintagelook #vintageluxe #yslvintage #ysl #blousevintage #burgundy #silk #timeless #oldmoney #trendytop #trendy #trend #vintage #yslvintage #dolceandgabbanadress","Camisa/blusa vintage YSL de gasa de seda en un precioso color burdeos/rojo rubí.
El texto de la etiqueta está borrado y ya no se pueden ver los detalles.
Es 100 % seda, limpieza en seco.
Talla aproximada S-M.
Medidas para comprobar: hombro a hombro 40 cm; axila a axila aprox. 49 cm; largo aprox. 68-69 cm.
Todos los botones están presentes. Sin defectos. Buen estado general.

#vinragestyle #vintagefashion #vintagelook #vintageluxe #yslvintage #ysl #blousevintage #burgundy #silk #timeless #oldmoney #trendytop #trendy #trend #vintage #yslvintage #dolceandgabbanadress","Chemise/blouse vintage YSL en mousseline de soie, dans une belle couleur bordeaux/rouge rubis.
Le texte de l’étiquette est effacé et les détails ne sont plus lisibles.
100 % soie, nettoyage à sec.
Taille approximative S-M.
Mesures pour vérifier : épaules 40 cm ; aisselle à aisselle env. 49 cm ; longueur env. 68-69 cm.
Tous les boutons sont présents. Aucun défaut. Bon état général.

#vinragestyle #vintagefashion #vintagelook #vintageluxe #yslvintage #ysl #blousevintage #burgundy #silk #timeless #oldmoney #trendytop #trendy #trend #vintage #yslvintage #dolceandgabbanadress",https://www.vinted.pt/items/9647236855,5,vinted_export/images/9647236855/01.webp | vinted_export/images/9647236855/02.webp | vinted_export/images/9647236855/03.webp | vinted_export/images/9647236855/04.webp | vinted_export/images/9647236855/05.webp,pt.bidnow@gmail.com,collectibles,Fashion,Used - Excellent,best-offer,30 days,flat-rate,15,no-returns,Lisboa,PT
9573724871,YSL vintage blazer jacket  size XS-S,135,EUR,"Authentic vintage Yves Saint Laurent Variation collarless jacket from the 1980s in dark blue and light stripes.

Condition: Good.
Size: FR 36/S, fitted, also can be worn on XS size. 
Measurements:
Chest: 46 cm
Length: 52 cm
Sleeve Length: 53 cm

Made of 100% cotton, this is a fantastic lightweight jacket that looks great with jeans and flats or tailored black trousers.
 
 Please note: the jacket has light discolouration, but it’s not really noticeable, just a light blueish flows,  also a two tone holes inside near the sleeves on the lining.
 All of this reflected in price!","Casaco autêntico vintage Yves Saint Laurent Variation dos anos 1980, sem gola, azul-escuro com riscas claras.

Estado: bom.
Tamanho: FR 36/S, corte justo; também pode ser usado por XS.
Medidas: peito 46 cm; comprimento 52 cm; manga 53 cm.

100% algodão, casaco leve fantástico que fica ótimo com jeans e sabrinas ou calças pretas de alfaiataria.

Nota: apresenta ligeira descoloração, pouco percetível, apenas algumas zonas azuladas claras; existem também dois pequenos furos no forro interior junto às mangas. Tudo isso está refletido no preço.","Authentic vintage Yves Saint Laurent Variation collarless jacket from the 1980s in dark blue with light stripes.

Condition: good.
Size: FR 36/S, fitted; can also be worn by XS.
Measurements: chest 46 cm; length 52 cm; sleeve 53 cm.

Made of 100% cotton, this is a fantastic lightweight jacket that looks great with jeans and flats or tailored black trousers.

Please note: the jacket has light discoloration, not very noticeable, just a few pale bluish areas; there are also two small holes in the lining near the sleeves. All of this is reflected in the price.","Chaqueta vintage auténtica Yves Saint Laurent Variation de los años 80, sin cuello, azul oscuro con rayas claras.

Estado: bueno.
Talla: FR 36/S, entallada; también puede llevarla una XS.
Medidas: pecho 46 cm; largo 52 cm; manga 53 cm.

100 % algodón, una fantástica chaqueta ligera que queda genial con vaqueros y bailarinas o con pantalones negros de sastrería.

Nota: presenta una ligera decoloración, poco perceptible, solo algunas zonas azuladas claras; también hay dos pequeños agujeros en el forro interior cerca de las mangas. Todo ello está reflejado en el precio.","Veste vintage authentique Yves Saint Laurent Variation des années 1980, sans col, bleu foncé à rayures claires.

État : bon.
Taille : FR 36/S, coupe ajustée ; peut aussi convenir à XS.
Mesures : poitrine 46 cm ; longueur 52 cm ; manche 53 cm.

100 % coton, superbe veste légère qui se porte très bien avec un jean et des ballerines ou un pantalon noir de tailleur.

À noter : légère décoloration peu visible, avec quelques zones bleuâtres claires ; également deux petits trous dans la doublure intérieure près des manches. Tout cela est pris en compte dans le prix.",https://www.vinted.pt/items/9573724871,5,vinted_export/images/9573724871/01.webp | vinted_export/images/9573724871/02.webp | vinted_export/images/9573724871/03.webp | vinted_export/images/9573724871/04.webp | vinted_export/images/9573724871/05.webp,pt.bidnow@gmail.com,collectibles,Fashion,Used - Excellent,best-offer,30 days,flat-rate,15,no-returns,Lisboa,PT
9766622072,Yves Saint Laurent bracelet vintage,265,EUR,"Stunning iconic YSL vintage bracelet.
Good condition with some areas of gold plating lost. Please look at the photos.
Overall vintage good condition.","Magnífica e icónica pulseira vintage YSL.
Bom estado, com algumas zonas onde o banho dourado desapareceu. Ver fotografias.
Bom estado vintage geral.","Stunning iconic vintage YSL bracelet.
Good condition with some areas of gold plating lost. Please see the photos.
Good overall vintage condition.","Magnífica e icónica pulsera vintage YSL.
Buen estado, con algunas zonas donde se ha perdido el baño dorado. Ver fotos.
Buen estado vintage general.","Superbe bracelet vintage iconique YSL.
Bon état, avec quelques zones où le placage doré s’est estompé. Voir photos.
Bon état vintage général.",https://www.vinted.pt/items/9766622072,5,vinted_export/images/9766622072/01.webp | vinted_export/images/9766622072/02.webp | vinted_export/images/9766622072/03.webp | vinted_export/images/9766622072/04.webp | vinted_export/images/9766622072/05.webp,pt.bidnow@gmail.com,collectibles,Fashion,Used - Excellent,best-offer,30 days,flat-rate,15,no-returns,Lisboa,PT
7818780696,Yves Saint Laurent vintage skirt size S,100,EUR,"Timeless and classy warm wool skirt YSL in a very good condition.
 Double lined, the zip at the back.
Beautiful brown colour.
Very good vintage condition: no any visible defects.  
Care label is missing.","Saia YSL intemporal e elegante em lã quente, em muito bom estado.
Forro duplo e fecho atrás.
Bonita cor castanha.
Muito bom estado vintage: sem defeitos visíveis.
Etiqueta de cuidados em falta.","Timeless and classy warm-wool YSL skirt in very good condition.
Double lined, with zip at the back.
Beautiful brown color.
Very good vintage condition: no visible defects.
Care label is missing.","Falda YSL atemporal y elegante de lana cálida, en muy buen estado.
Doble forro y cremallera en la parte trasera.
Precioso color marrón.
Muy buen estado vintage: sin defectos visibles.
Falta la etiqueta de cuidados.","Jupe YSL intemporelle et élégante en laine chaude, en très bon état.
Double doublure, fermeture zippée au dos.
Belle couleur marron.
Très bon état vintage : aucun défaut visible.
Étiquette d’entretien manquante.",https://www.vinted.pt/items/7818780696,5,vinted_export/images/7818780696/01.webp | vinted_export/images/7818780696/02.webp | vinted_export/images/7818780696/03.webp | vinted_export/images/7818780696/04.webp | vinted_export/images/7818780696/05.webp,pt.bidnow@gmail.com,collectibles,Fashion,Used - Excellent,best-offer,30 days,flat-rate,15,no-returns,Lisboa,PT
6629201141,Yves Saint Laurent vintage clip-on earrings,255,EUR,"Stunning YSL vintage clip-on earrings in very good condition. 
 Rare and collectible. 
Ideal for summer!","Magníficos brincos de mola YSL vintage em muito bom estado.
Raros e de coleção.
Ideais para o verão!","Stunning vintage YSL clip-on earrings in very good condition.
Rare and collectible.
Ideal for summer!","Magníficos pendientes de clip YSL vintage en muy buen estado.
Raros y de colección.
¡Ideales para verano!","Superbes boucles d’oreilles à clips YSL vintage en très bon état.
Rares et de collection.
Idéales pour l’été !",https://www.vinted.pt/items/6629201141,5,vinted_export/images/6629201141/01.webp | vinted_export/images/6629201141/02.webp | vinted_export/images/6629201141/03.webp | vinted_export/images/6629201141/04.webp | vinted_export/images/6629201141/05.webp,pt.bidnow@gmail.com,collectibles,Fashion,Used - Excellent,best-offer,30 days,flat-rate,15,no-returns,Lisboa,PT
5657871791,Yves Saint Laurent perfume Champagne 4 ml,25,EUR,"Yves Saint Laurent perfume Champagne 4 ml.
 Vintage, never being used.","Perfume Yves Saint Laurent Champagne, 4 ml.
Vintage, nunca utilizado.","Yves Saint Laurent Champagne perfume, 4 ml.
Vintage, never used.","Perfume Yves Saint Laurent Champagne, 4 ml.
Vintage, nunca usado.","Parfum Yves Saint Laurent Champagne, 4 ml.
Vintage, jamais utilisé.",https://www.vinted.pt/items/5657871791,5,vinted_export/images/5657871791/01.webp | vinted_export/images/5657871791/02.webp | vinted_export/images/5657871791/03.webp | vinted_export/images/5657871791/04.webp | vinted_export/images/5657871791/05.webp,pt.bidnow@gmail.com,collectibles,Fashion,Used - Excellent,best-offer,30 days,flat-rate,15,no-returns,Lisboa,PT
7809520432,Vintage Yves Saint Laurent Clip-On Earrings,325,EUR,"Authentic Yves Saint Laurent vintage clip-on earrings in gold tone with stunning pink crystal centers. 
 Gorgeous textured enamel and crystal detail makes these earrings eye-catching and elegant. Rare and collectible, yet comfortable and easy to wear- perfect for elevated outfits or everyday vintage flair.","Brincos de mola vintage autênticos Yves Saint Laurent, dourados, com magníficos cristais rosa ao centro.
O esmalte texturado e os cristais tornam-nos marcantes e elegantes. Raros e de coleção, mas confortáveis e fáceis de usar — perfeitos para looks mais sofisticados ou para acrescentar um toque vintage ao dia a dia.","Authentic vintage Yves Saint Laurent clip-on earrings in gold tone with stunning pink crystal centers.
The gorgeous textured enamel and crystal detail makes these earrings eye-catching and elegant. Rare and collectible, yet comfortable and easy to wear — perfect for elevated outfits or everyday vintage flair.","Pendientes de clip vintage auténticos Yves Saint Laurent en tono dorado, con preciosos cristales rosas en el centro.
El esmalte texturizado y los cristales los hacen llamativos y elegantes. Raros y de colección, pero cómodos y fáciles de llevar — perfectos para looks más sofisticados o para dar un toque vintage al día a día.","Boucles d’oreilles à clips vintage authentiques Yves Saint Laurent, dorées, avec de magnifiques cristaux roses au centre.
L’émail texturé et les cristaux les rendent à la fois remarquables et élégantes. Rares et de collection, mais confortables et faciles à porter — parfaites pour des tenues sophistiquées ou une touche vintage au quotidien.",https://www.vinted.pt/items/7809520432,5,vinted_export/images/7809520432/01.webp | vinted_export/images/7809520432/02.webp | vinted_export/images/7809520432/03.webp | vinted_export/images/7809520432/04.webp | vinted_export/images/7809520432/05.webp,pt.bidnow@gmail.com,collectibles,Fashion,Used - Excellent,best-offer,30 days,flat-rate,15,no-returns,Lisboa,PT
8572187318,Yves Saint Laurent vintage flower motif brooch pendant 2 in 1,235,EUR,"Authentic Yves Saint Laurent Vintage Gold-Plated Brooch/Pendant - YSL - Made in France - Vintage Accessories.

A very beautiful gold-plated brooch/pendant from the YSL brand in the shape of a flower with magnificent details on the petals and a raised pistil. 
 I like to wear it as brooch or like a choker with a sheer cord or on any basic chain too.
 Perfect for lovers of vintage jewelry from a great designer or for collectors.

Diameter: 4 cm.

Stamped with the initials YSL and Made in France. 
80s era.
Good vintage condition with a light signs of use: patina, a few areas with gold plating lost, the clasp is not 100% straight but it works perfectly. Please check the photos for the condition carefully.","Pregadeira/pendente vintage autêntico Yves Saint Laurent, banhado a ouro — YSL — Made in France — acessórios vintage.

Belíssima pregadeira/pendente dourada YSL em forma de flor, com magníficos detalhes nas pétalas e pistilo em relevo. Gosto de a usar como pregadeira ou choker com um cordão transparente, ou ainda numa corrente básica. Perfeita para amantes de joalharia vintage de designer ou colecionadores.

Diâmetro: 4 cm.

Marcada com as iniciais YSL e Made in France. Anos 80.
Bom estado vintage, com ligeiros sinais de uso: pátina, algumas zonas com perda do banho dourado e fecho não totalmente direito, mas funciona perfeitamente. Ver cuidadosamente as fotografias para avaliar o estado.","Authentic vintage Yves Saint Laurent gold-plated brooch/pendant — YSL — Made in France — vintage accessory.

A very beautiful gold-plated YSL brooch/pendant in the shape of a flower with magnificent petal details and a raised pistil. I like wearing it as a brooch, as a choker with a sheer cord, or on a basic chain. Perfect for lovers of vintage designer jewelry or collectors.

Diameter: 4 cm.

Stamped with the initials YSL and Made in France. 1980s era.
Good vintage condition with light signs of use: patina, a few areas of gold plating loss, and the clasp is not perfectly straight but works perfectly. Please check the photos carefully for condition.","Broche/colgante vintage auténtico Yves Saint Laurent chapado en oro — YSL — Made in France — accesorio vintage.

Precioso broche/colgante dorado YSL en forma de flor, con magníficos detalles en los pétalos y pistilo en relieve. Me gusta llevarlo como broche, como choker con un cordón transparente o en una cadena básica. Perfecto para amantes de la joyería vintage de diseñador o coleccionistas.

Diámetro: 4 cm.

Marcado con las iniciales YSL y Made in France. Años 80.
Buen estado vintage con ligeros signos de uso: pátina, algunas zonas con pérdida del baño dorado y cierre no completamente recto, aunque funciona perfectamente. Revisa bien las fotos para valorar el estado.","Broche/pendentif vintage authentique Yves Saint Laurent plaqué or — YSL — Made in France — accessoire vintage.

Très belle broche/pendentif dorée YSL en forme de fleur, avec de magnifiques détails sur les pétales et un pistil en relief. J’aime la porter en broche, en choker avec un cordon transparent ou sur une chaîne simple. Parfaite pour les amateurs de bijoux vintage de créateur ou les collectionneurs.

Diamètre : 4 cm.

Marquée des initiales YSL et Made in France. Années 80.
Bon état vintage avec de légers signes d’usage : patine, quelques zones où le placage doré est parti, et fermoir pas parfaitement droit mais fonctionnant très bien. Veuillez consulter attentivement les photos pour l’état.",https://www.vinted.pt/items/8572187318,5,vinted_export/images/8572187318/01.webp | vinted_export/images/8572187318/02.webp | vinted_export/images/8572187318/03.webp | vinted_export/images/8572187318/04.webp | vinted_export/images/8572187318/05.webp,pt.bidnow@gmail.com,collectibles,Fashion,Used - Excellent,best-offer,30 days,flat-rate,15,no-returns,Lisboa,PT
8486085744,Yves Saint Laurent necklace and clip-on earrings,730,EUR,"Choker necklace and clip-on earrings by Yves Saint Laurent in iridescent and spiky blue-green glass beads and shiny rhinestones on the earrings.

Rodium -tone hardware.
Adjustable toggle clasp 37-38-39 cm.
Signed YSL.

Excellent vintage condition.
Rare collectible set for vintage lover or collector.

No any visible defects.
Without original packages.
 
Rare and collectible set.","Colar choker e brincos de mola Yves Saint Laurent em contas de vidro azul-esverdeadas iridescentes e pontiagudas, com brilhantes strass nos brincos.

Ferragens em tom ródio.
Fecho toggle ajustável: 37-38-39 cm.
Assinado YSL.

Excelente estado vintage.
Conjunto raro e de coleção para amantes de vintage ou colecionadores.

Sem defeitos visíveis.
Sem embalagens originais.

Conjunto raro e de coleção.","Yves Saint Laurent choker necklace and clip-on earrings in iridescent, spiky blue-green glass beads, with shiny rhinestones on the earrings.

Rhodium-tone hardware.
Adjustable toggle clasp: 37-38-39 cm.
Signed YSL.

Excellent vintage condition.
Rare collectible set for a vintage lover or collector.

No visible defects.
Without original packaging.

Rare and collectible set.","Collar choker y pendientes de clip Yves Saint Laurent con cuentas de vidrio azul-verde iridiscentes y puntiagudas, y brillantes strass en los pendientes.

Herrajes tono rodio.
Cierre toggle ajustable: 37-38-39 cm.
Firmado YSL.

Excelente estado vintage.
Conjunto raro y de colección para amantes del vintage o coleccionistas.

Sin defectos visibles.
Sin embalajes originales.

Conjunto raro y de colección.","Collier choker et boucles d’oreilles à clips Yves Saint Laurent en perles de verre bleu-vert iridescentes et pointues, avec strass brillants sur les boucles.

Ferrures ton rhodium.
Fermoir toggle réglable : 37-38-39 cm.
Signé YSL.

Excellent état vintage.
Ensemble rare et de collection pour amateur de vintage ou collectionneur.

Aucun défaut visible.
Sans emballage d’origine.

Ensemble rare et de collection.",https://www.vinted.pt/items/8486085744,5,vinted_export/images/8486085744/01.webp | vinted_export/images/8486085744/02.webp | vinted_export/images/8486085744/03.webp | vinted_export/images/8486085744/04.webp | vinted_export/images/8486085744/05.webp,pt.bidnow@gmail.com,collectibles,Fashion,Used - Excellent,best-offer,30 days,flat-rate,15,no-returns,Lisboa,PT
8429790921,YSL heart brooch and pendant by Robert Goossens,315,EUR,"Sublime YSL heart brooch and pendant 2 in 1 by Robert Goossens, in fine gold-plated metal and crystals in different shades of blue, pink, grey, gold. 
Vintage from the 1980s.

Signed « YSL » on the back and « H5 » série.

A splendid collector's item, from the most fruitful period of the collaboration between Yves Saint Laurent and Robert Goossens!

CONDITION: Perfect vintage condition.

Dimensions: approximately 5 x 5 cm.

Sold without original packages.

It's a treasure for collectors and vintage lover.","Sublime pregadeira e pendente YSL em forma de coração, 2 em 1, de Robert Goossens, em metal fino banhado a ouro e cristais em diferentes tons de azul, rosa, cinzento e dourado. Vintage dos anos 1980.

Assinado “YSL” no verso e série “H5”.

Magnífica peça de coleção, de um dos períodos mais férteis da colaboração entre Yves Saint Laurent e Robert Goossens.

ESTADO: perfeito estado vintage.

Dimensões: aproximadamente 5 × 5 cm.

Vendido sem embalagem original.

Um verdadeiro tesouro para colecionadores e amantes de vintage.","Sublime YSL heart brooch and pendant, 2-in-1, by Robert Goossens, in fine gold-plated metal with crystals in different shades of blue, pink, gray and gold. Vintage from the 1980s.

Signed “YSL” on the back and “H5” series.

A splendid collector’s item from one of the most fruitful periods of the collaboration between Yves Saint Laurent and Robert Goossens.

CONDITION: perfect vintage condition.

Dimensions: approximately 5 × 5 cm.

Sold without original packaging.

A true treasure for collectors and vintage lovers.","Sublime broche y colgante YSL en forma de corazón, 2 en 1, de Robert Goossens, en fino metal chapado en oro y cristales en diferentes tonos de azul, rosa, gris y dorado. Vintage de los años 80.

Firmado “YSL” en la parte trasera y serie “H5”.

Espléndida pieza de colección de uno de los periodos más fructíferos de la colaboración entre Yves Saint Laurent y Robert Goossens.

ESTADO: perfecto estado vintage.

Dimensiones: aproximadamente 5 × 5 cm.

Se vende sin embalaje original.

Un auténtico tesoro para coleccionistas y amantes del vintage.","Sublime broche et pendentif YSL en forme de cœur, 2 en 1, par Robert Goossens, en métal fin plaqué or et cristaux dans différentes nuances de bleu, rose, gris et doré. Vintage des années 1980.

Signé “YSL” au dos et série “H5”.

Superbe pièce de collection issue de l’une des périodes les plus fécondes de la collaboration entre Yves Saint Laurent et Robert Goossens.

ÉTAT : parfait état vintage.

Dimensions : environ 5 × 5 cm.

Vendu sans emballage d’origine.

Un véritable trésor pour les collectionneurs et amateurs de vintage.",https://www.vinted.pt/items/8429790921,5,vinted_export/images/8429790921/01.webp | vinted_export/images/8429790921/02.webp | vinted_export/images/8429790921/03.webp | vinted_export/images/8429790921/04.webp | vinted_export/images/8429790921/05.webp,pt.bidnow@gmail.com,collectibles,Fashion,Used - Excellent,best-offer,30 days,flat-rate,15,no-returns,Lisboa,PT
8571735070,Yves Saint Laurent vintage clip-on earrings,330,EUR,"Pair of vintage Yves Saint Laurent clip-on earrings. 
 Ribbon design with a pretty reflections of the metal in the light.
 Excellent condition.
  The height- 2.5cm, the width- 2.5cm.
 The weight of each earring- 6g.
 Very comfy to wear. 
  The earrings are sold with original YSL box and the tag, not attached anymore.
  They have been carefully cleaned before being put on sale and they don’t have any visible defects, condition is almost new.
 Great choice for wedding, cocktail party, summer outfits.
 Timeless.","Par de brincos de mola vintage Yves Saint Laurent.
Design em forma de fita, com bonitos reflexos do metal à luz.
Excelente estado.
Altura: 2,5 cm; largura: 2,5 cm.
Peso de cada brinco: 6 g.
Muito confortáveis.
Vendidos com caixa YSL original e etiqueta, já não presa.
Foram cuidadosamente limpos antes da venda e não apresentam defeitos visíveis; estado quase novo.
Ótima escolha para casamento, cocktail ou looks de verão.
Intemporais.","Pair of vintage Yves Saint Laurent clip-on earrings.
Ribbon design with beautiful reflections from the metal in the light.
Excellent condition.
Height: 2.5 cm; width: 2.5 cm.
Weight of each earring: 6 g.
Very comfortable to wear.
Sold with original YSL box and the tag, no longer attached.
They were carefully cleaned before being listed and have no visible defects; condition is almost new.
Great choice for a wedding, cocktail party or summer outfits.
Timeless.","Par de pendientes de clip vintage Yves Saint Laurent.
Diseño en forma de cinta, con bonitos reflejos del metal a la luz.
Excelente estado.
Altura: 2,5 cm; ancho: 2,5 cm.
Peso de cada pendiente: 6 g.
Muy cómodos de llevar.
Se venden con caja YSL original y etiqueta, ya no unida.
Se han limpiado cuidadosamente antes de ponerlos a la venta y no presentan defectos visibles; estado casi nuevo.
Gran elección para boda, cóctel o looks de verano.
Atemporales.","Paire de boucles d’oreilles à clips vintage Yves Saint Laurent.
Design en forme de ruban, avec de jolis reflets du métal à la lumière.
Excellent état.
Hauteur : 2,5 cm ; largeur : 2,5 cm.
Poids de chaque boucle : 6 g.
Très confortables à porter.
Vendues avec boîte YSL d’origine et étiquette, désormais détachée.
Elles ont été soigneusement nettoyées avant la mise en vente et ne présentent aucun défaut visible ; état presque neuf.
Excellent choix pour un mariage, un cocktail ou des tenues d’été.
Intemporelles.",https://www.vinted.pt/items/8571735070,5,vinted_export/images/8571735070/01.webp | vinted_export/images/8571735070/02.webp | vinted_export/images/8571735070/03.webp | vinted_export/images/8571735070/04.webp | vinted_export/images/8571735070/05.webp,pt.bidnow@gmail.com,collectibles,Fashion,Used - Excellent,best-offer,30 days,flat-rate,15,no-returns,Lisboa,PT
5413075357,Stunning vintage Yves Saint Laurent heart shaped brooch,290,EUR,"Stunning vintage Yves Saint Laurent heart shaped brooch designed by Robert Goossens.
 The brooch is engraved with an oriental pattern, which makes it unique. 
 This brooch will decorate your jacket, denim jacket or coat. It will also look beautiful on cardigans and dresses.
  Length 4 cm, width 4.5 cm.
 ""YSL Made in France"" stamp on the back.
80s era.
 Collectible and rare.","Magnífica pregadeira vintage Yves Saint Laurent em forma de coração, desenhada por Robert Goossens.
A pregadeira é gravada com um padrão oriental, tornando-a única.
Ideal para decorar casacos, blusões de ganga ou sobretudos; também fica bonita em cardigans e vestidos.
Comprimento 4 cm, largura 4,5 cm.
Carimbo “YSL Made in France” no verso.
Anos 80.
Rara e de coleção.","Stunning vintage Yves Saint Laurent heart-shaped brooch designed by Robert Goossens.
The brooch is engraved with an Oriental pattern, making it unique.
It will decorate a jacket, denim jacket or coat and also looks beautiful on cardigans and dresses.
Length 4 cm, width 4.5 cm.
“YSL Made in France” stamp on the back.
1980s era.
Rare and collectible.","Magnífico broche vintage Yves Saint Laurent en forma de corazón, diseñado por Robert Goossens.
El broche está grabado con un motivo oriental que lo hace único.
Ideal para decorar una chaqueta, cazadora vaquera o abrigo; también queda precioso en cárdigans y vestidos.
Largo 4 cm, ancho 4,5 cm.
Sello “YSL Made in France” en la parte trasera.
Años 80.
Raro y de colección.","Magnifique broche vintage Yves Saint Laurent en forme de cœur, dessinée par Robert Goossens.
La broche est gravée d’un motif oriental qui la rend unique.
Elle décorera une veste, une veste en jean ou un manteau et sera également très belle sur des cardigans et des robes.
Longueur 4 cm, largeur 4,5 cm.
Poinçon “YSL Made in France” au dos.
Années 80.
Rare et de collection.",https://www.vinted.pt/items/5413075357,5,vinted_export/images/5413075357/01.webp | vinted_export/images/5413075357/02.webp | vinted_export/images/5413075357/03.webp | vinted_export/images/5413075357/04.webp | vinted_export/images/5413075357/05.webp,pt.bidnow@gmail.com,collectibles,Fashion,Used - Excellent,best-offer,30 days,flat-rate,15,no-returns,Lisboa,PT
9890206923,Yves Saint Laurent YSL Lash Clash – Máscara de Pestanas,6,EUR,"Máscara de pestanas Yves Saint Laurent (YSL) Lash Clash de cor preta. 
Produto novo e nunca usado","Máscara de pestanas Yves Saint Laurent (YSL) Lash Clash de cor preta.
Produto novo e nunca usado.","Yves Saint Laurent (YSL) Lash Clash mascara in black.
Brand new and never used.","Máscara de pestañas Yves Saint Laurent (YSL) Lash Clash de color negro.
Producto nuevo y nunca usado.","Mascara Yves Saint Laurent (YSL) Lash Clash noir.
Produit neuf et jamais utilisé.",https://www.vinted.pt/items/9890206923-yves-saint-laurent-ysl-lash-clash-mascara-de-pestanas,5,vinted_export/images/9890206923/01.webp | vinted_export/images/9890206923/02.webp | vinted_export/images/9890206923/03.webp | vinted_export/images/9890206923/04.webp | vinted_export/images/9890206923/05.webp,pt.bidnow@gmail.com,collectibles,Fashion,Used - Excellent,best-offer,30 days,flat-rate,15,no-returns,Lisboa,PT
9929906638,Sac Yves Saint Laurent,850,EUR,"Bonjour je vends ce sacs a main
Marque : SAINT LAURENT
Modèle : CASSANDRE ENVELOPPE CHAIN WALLET
Référence fabricant : 393953
Type sac : porté bandoulière
Année de fabrication : 2018
Sexe : Femme
Valeur du neuf : 950 euros

Liste des documents et accessoires fournis :
Pochon

CARACTERISTIQUES :
Matière : cuir grainé
Couleur : Noir
A noter : Valeur du neuf estimative basée sur la dernière valeur connue ou un modele équivalent
Type de fermeture : rabat
Taille : moins de 20 cm
Dimensions : H: 12 x L: 19 x P: 4 cm
Longueur Bandoulière (cm): 125

N'hésitez pas à venir me posez des question en privé.

Etat : Excellent état
griffures sur le cuir interne - légères pertes de dorure et rayures sur les attributs métalliques - voir photos","Olá, vendo esta mala de mão.
Marca: SAINT LAURENT
Modelo: CASSANDRE ENVELOPPE CHAIN WALLET
Referência do fabricante: 393953
Tipo de mala: a tiracolo
Ano de fabrico: 2018
Sexo: mulher
Valor em novo: 950 €

Documentos e acessórios fornecidos:
Dust bag

CARACTERÍSTICAS:
Material: pele granulada
Cor: preto
Nota: valor em novo estimado com base no último preço conhecido ou num modelo equivalente
Tipo de fecho: aba
Tamanho: menos de 20 cm
Dimensões: A 12 × L 19 × P 4 cm
Comprimento da alça: 125 cm

Não hesite em contactar-me por mensagem privada se tiver perguntas.

Estado: excelente estado.
Riscos na pele interior; ligeiras perdas do dourado e riscos nas peças metálicas — ver fotografias.","Hello, I’m selling this handbag.
Brand: SAINT LAURENT
Model: CASSANDRE ENVELOPPE CHAIN WALLET
Manufacturer reference: 393953
Bag type: crossbody
Year of manufacture: 2018
Gender: women
Retail value: €950

Documents and accessories included:
Dust bag

FEATURES:
Material: grained leather
Color: black
Note: estimated retail value based on the last known price or an equivalent model
Closure type: flap
Size: under 20 cm
Dimensions: H 12 × W 19 × D 4 cm
Strap length: 125 cm

Feel free to message me privately if you have any questions.

Condition: excellent condition.
Scratches on the interior leather; slight loss of gold-tone finish and scratches on the metal hardware — see photos.","Hola, vendo este bolso de mano.
Marca: SAINT LAURENT
Modelo: CASSANDRE ENVELOPPE CHAIN WALLET
Referencia del fabricante: 393953
Tipo de bolso: bandolera
Año de fabricación: 2018
Sexo: mujer
Valor nuevo: 950 €

Documentos y accesorios incluidos:
Guardapolvo

CARACTERÍSTICAS:
Material: piel granulada
Color: negro
Nota: valor nuevo estimado según el último precio conocido o un modelo equivalente
Tipo de cierre: solapa
Tamaño: menos de 20 cm
Dimensiones: A 12 × L 19 × P 4 cm
Longitud de la correa: 125 cm

No dudes en escribirme por privado si tienes alguna pregunta.

Estado: excelente estado.
Arañazos en la piel interior; ligeras pérdidas del acabado dorado y rayas en los herrajes metálicos — ver fotos.","Bonjour, je vends ce sac à main.
Marque : SAINT LAURENT
Modèle : CASSANDRE ENVELOPPE CHAIN WALLET
Référence fabricant : 393953
Type de sac : porté bandoulière
Année de fabrication : 2018
Sexe : femme
Valeur du neuf : 950 €

Documents et accessoires fournis :
Pochon

CARACTÉRISTIQUES :
Matière : cuir grainé
Couleur : noir
À noter : valeur du neuf estimative basée sur la dernière valeur connue ou un modèle équivalent
Type de fermeture : rabat
Taille : moins de 20 cm
Dimensions : H 12 × L 19 × P 4 cm
Longueur bandoulière : 125 cm

N’hésitez pas à me poser des questions en privé.

État : excellent état.
Griffures sur le cuir intérieur ; légères pertes de dorure et rayures sur les attributs métalliques — voir photos.",https://www.vinted.pt/items/9929906638-sac-yves-saint-laurent,5,vinted_export/images/9929906638/01.webp | vinted_export/images/9929906638/02.webp | vinted_export/images/9929906638/03.webp | vinted_export/images/9929906638/04.webp | vinted_export/images/9929906638/05.webp,pt.bidnow@gmail.com,collectibles,Fashion,Used - Excellent,best-offer,30 days,flat-rate,15,no-returns,Lisboa,PT
9912844423,Trousse de toilette,14,EUR,"Trousse grand modèle 
Noir
Yves Saint Laurent","Necessaire grande.
Preto.
Yves Saint Laurent.","Large pouch.
Black.
Yves Saint Laurent.","Neceser grande.
Negro.
Yves Saint Laurent.","Trousse grand modèle.
Noire.
Yves Saint Laurent.",https://www.vinted.pt/items/9912844423-trousse-de-toilette,5,vinted_export/images/9912844423/01.webp | vinted_export/images/9912844423/02.webp | vinted_export/images/9912844423/03.webp | vinted_export/images/9912844423/04.webp | vinted_export/images/9912844423/05.webp,pt.bidnow@gmail.com,collectibles,Fashion,Used - Excellent,best-offer,30 days,flat-rate,15,no-returns,Lisboa,PT
9944962419,Rouge à lèvres rouge YSL,8,EUR,"Petit rouge à lèvres rouge 
Yves Saint Laurent 
Neuf jamais utilisé","Pequeno batom vermelho.
Yves Saint Laurent.
Novo, nunca utilizado.","Small red lipstick.
Yves Saint Laurent.
New, never used.","Pequeño pintalabios rojo.
Yves Saint Laurent.
Nuevo, nunca usado.","Petit rouge à lèvres rouge.
Yves Saint Laurent.
Neuf, jamais utilisé.",https://www.vinted.pt/items/9944962419-rouge-a-levres-rouge-ysl,5,vinted_export/images/9944962419/01.webp | vinted_export/images/9944962419/02.webp | vinted_export/images/9944962419/03.webp | vinted_export/images/9944962419/04.webp | vinted_export/images/9944962419/05.webp,pt.bidnow@gmail.com,collectibles,Fashion,Used - Excellent,best-offer,30 days,flat-rate,15,no-returns,Lisboa,PT
9872377838,Miniatura Yves Saint Laurent,15,EUR,"Miniatura YSL Libre Berry Crush, eau de parfum fruitèe 7,5 ml","Miniatura YSL Libre Berry Crush, Eau de Parfum frutado, 7,5 ml.","YSL Libre Berry Crush miniature, fruity Eau de Parfum, 7.5 ml.","Miniatura YSL Libre Berry Crush, Eau de Parfum afrutado, 7,5 ml.","Miniature YSL Libre Berry Crush, Eau de Parfum fruitée, 7,5 ml.",https://www.vinted.pt/items/9872377838-miniatura-yves-saint-laurent,5,vinted_export/images/9872377838/01.webp | vinted_export/images/9872377838/02.webp | vinted_export/images/9872377838/03.webp | vinted_export/images/9872377838/04.webp | vinted_export/images/9872377838/05.webp,pt.bidnow@gmail.com,collectibles,Fashion,Used - Excellent,best-offer,30 days,flat-rate,15,no-returns,Lisboa,PT
9929155280,Lot hydra bounce YSL,8,EUR,"Neuf emballé 
YSL 
10 ml un flacon : il y a 6 flacons dans le lot","Novo, embalado.
YSL.
10 ml por frasco; o lote inclui 6 frascos.","New, packaged.
YSL.
10 ml per bottle; there are 6 bottles in the set.","Nuevo, embalado.
YSL.
10 ml por frasco; hay 6 frascos en el lote.","Neuf, emballé.
YSL.
10 ml par flacon ; le lot contient 6 flacons.",https://www.vinted.pt/items/9929155280-lot-hydra-bounce-ysl,5,vinted_export/images/9929155280/01.webp | vinted_export/images/9929155280/02.webp | vinted_export/images/9929155280/03.webp | vinted_export/images/9929155280/04.webp | vinted_export/images/9929155280/05.webp,pt.bidnow@gmail.com,collectibles,Fashion,Used - Excellent,best-offer,30 days,flat-rate,15,no-returns,Lisboa,PT
9887919773,Sac bandoulière YSL vintage + carte d’authenticité,349,EUR,"Sac bandoulière YSL des années 90, un must pour les amateurs de luxe vintage.

Détails :
- corps en toile PVC texturée noire et cuir camel
- Une poche plaquée à l’avant et une poche plaquée au dos du sac.
- rabat avec fermeture par pression magnétique et plaque dorée ornée du logo YSL
- bandoulière plate réglable en cuir camel
- Doublure en tissu avec des parties monogrammées et une poche plaquée.
- Bijouterie et bouclerie finition dorée 
- Dimensions approximatives : L26cm x H22cm x P7cm
- hauteur de bandoulière environ 50 cm

État : excellent état, incroyable pour un sac vintage :
- Le cuir peut présenter de légères traces d'utilisation en surface.
- Les parties métalliques peuvent présenter quelques fines rayures ou traces d’oxydation minimes.

Authenticité : le sac est livré avec sa carte d’authenticité délivrée par le magasin dans lequel il a été acheté « Loma Vintage ».","Mala a tiracolo YSL dos anos 90, indispensável para amantes de luxo vintage.

Detalhes:
• Corpo em lona PVC preta texturada e pele camel
• Um bolso aplicado à frente e outro atrás
• Aba com fecho magnético e placa dourada com logótipo YSL
• Alça de ombro plana e ajustável em pele camel
• Forro em tecido, com partes monogramadas e bolso aplicado
• Ferragens e fivelas com acabamento dourado
• Dimensões aproximadas: L 26 × A 22 × P 7 cm
• Altura da alça cerca de 50 cm

Estado: excelente, incrível para uma mala vintage.
• A pele pode apresentar ligeiros sinais de uso à superfície.
• As partes metálicas podem apresentar alguns riscos finos ou sinais mínimos de oxidação.

Autenticidade: a mala é entregue com cartão de autenticidade emitido pela loja onde foi comprada, “Loma Vintage”.","1990s YSL crossbody bag, a must-have for vintage-luxury lovers.

Details:
• Body in textured black PVC canvas and camel leather
• One front patch pocket and one rear patch pocket
• Flap with magnetic closure and gold-tone plate featuring the YSL logo
• Adjustable flat shoulder strap in camel leather
• Fabric lining with monogrammed sections and a patch pocket
• Gold-tone hardware and buckles
• Approximate dimensions: W 26 × H 22 × D 7 cm
• Strap drop approximately 50 cm

Condition: excellent, remarkable for a vintage bag.
• The leather may show light surface signs of use.
• The metal parts may show a few fine scratches or minimal oxidation.

Authenticity: the bag comes with an authenticity card issued by the store where it was purchased, “Loma Vintage”.","Bolso bandolera YSL de los años 90, imprescindible para amantes del lujo vintage.

Detalles:
• Cuerpo de lona PVC negra texturizada y piel camel
• Un bolsillo de parche delantero y otro trasero
• Solapa con cierre magnético y placa dorada con logotipo YSL
• Correa plana ajustable de piel camel
• Forro de tela con zonas monogramadas y bolsillo de parche
• Herrajes y hebillas con acabado dorado
• Dimensiones aproximadas: An 26 × Al 22 × F 7 cm
• Caída de la correa aprox. 50 cm

Estado: excelente, increíble para un bolso vintage.
• La piel puede presentar ligeros signos de uso en la superficie.
• Las partes metálicas pueden mostrar algunos arañazos finos o mínimos signos de oxidación.

Autenticidad: el bolso incluye tarjeta de autenticidad emitida por la tienda donde fue comprado, “Loma Vintage”.","Sac bandoulière YSL des années 90, un incontournable pour les amateurs de luxe vintage.

Détails :
• Corps en toile PVC texturée noire et cuir camel
• Une poche plaquée à l’avant et une poche plaquée au dos
• Rabat avec fermeture par pression magnétique et plaque dorée ornée du logo YSL
• Bandoulière plate réglable en cuir camel
• Doublure en tissu avec parties monogrammées et poche plaquée
• Bijouterie et bouclerie finition dorée
• Dimensions approximatives : L 26 × H 22 × P 7 cm
• Hauteur de bandoulière environ 50 cm

État : excellent état, remarquable pour un sac vintage.
• Le cuir peut présenter de légères traces d’utilisation en surface.
• Les parties métalliques peuvent présenter quelques fines rayures ou traces minimes d’oxydation.

Authenticité : le sac est livré avec sa carte d’authenticité délivrée par le magasin dans lequel il a été acheté, “Loma Vintage”.",https://www.vinted.pt/items/9887919773-sac-bandouliere-ysl-vintage-carte-dauthenticite,5,vinted_export/images/9887919773/01.webp | vinted_export/images/9887919773/02.webp | vinted_export/images/9887919773/03.webp | vinted_export/images/9887919773/04.webp | vinted_export/images/9887919773/05.webp,pt.bidnow@gmail.com,collectibles,Fashion,Used - Excellent,best-offer,30 days,flat-rate,15,no-returns,Lisboa,PT
9950579566,Blush YSL Yves Saint Laurent Make Me Blush 12 Nocturnal Nude neuf avec boite,25,EUR,"​Marque : Yves Saint Laurent (YSL)
Produit : Blush Poudre Floutant Sublimateur de Couleur (Make Me Blush / Bold Blurring Blush)
Teinte : 12 - Nocturnal Nude
Contenance : 6g
État : Neuf, jamais utilisé, vendu dans sa boîte d'origine avec son packaging complet
Authenticité : 100% Authentique (numéro de lot / batch code visible au dos du boîtier : JAY73E, fabriqué en Italie)
​✨ Description du produit :
​Boîtier couture très élégant finition cuir matelassé rose nude avec le logo YSL doré emblématique.
​Texture poudre ultra-fine floutante qui sublime le teint sans effet de matière.
​Couleur modulable, tenue longue durée et rendu naturel très chic.
​📦 Conditionnement & Envoi :
​Envoi très rapide (expédié sous 24h à 48h maximum).
​Emballage soigné et très bien protégé avec du papier bulle pour garantir une arrivée en parfait état.
​N'hésite pas si tu as des questions !","Marca: Yves Saint Laurent (YSL)
Produto: Blush Poudre Floutant Sublimateur de Couleur (Make Me Blush / Bold Blurring Blush)
Tom: 12 — Nocturnal Nude
Quantidade: 6 g
Estado: novo, nunca usado, vendido na caixa original com embalagem completa
Autenticidade: 100% autêntico; número de lote/batch code visível no verso do estojo: JAY73E, fabricado em Itália

✨ Descrição do produto:
Estojo couture muito elegante, com acabamento em pele acolchoada rosa nude e icónico logótipo YSL dourado.
Textura em pó ultrafina e suavizante, que realça a tez sem efeito pesado.
Cor modulável, longa duração e acabamento natural muito elegante.

📦 Embalagem e envio:
Envio muito rápido, expedido em 24 a 48 horas no máximo.
Embalagem cuidada e muito bem protegida com plástico-bolha para garantir chegada em perfeito estado.

Não hesite em perguntar se tiver dúvidas!","Brand: Yves Saint Laurent (YSL)
Product: Blush Poudre Floutant Sublimateur de Couleur (Make Me Blush / Bold Blurring Blush)
Shade: 12 — Nocturnal Nude
Weight: 6 g
Condition: new, never used, sold in the original box with complete packaging
Authenticity: 100% authentic; batch code visible on the back of the compact: JAY73E, made in Italy

✨ Product description:
Very elegant couture compact with a nude-pink quilted-leather finish and iconic gold-tone YSL logo.
Ultra-fine blurring powder texture that enhances the complexion without looking heavy.
Buildable color, long-lasting wear and a very chic natural finish.

📦 Packaging & shipping:
Very fast shipping, dispatched within 24 to 48 hours maximum.
Carefully packed and very well protected with bubble wrap to ensure arrival in perfect condition.

Feel free to ask if you have any questions!","Marca: Yves Saint Laurent (YSL)
Producto: Blush Poudre Floutant Sublimateur de Couleur (Make Me Blush / Bold Blurring Blush)
Tono: 12 — Nocturnal Nude
Contenido: 6 g
Estado: nuevo, nunca usado, vendido en su caja original con el embalaje completo
Autenticidad: 100 % auténtico; código de lote visible en la parte trasera del estuche: JAY73E, fabricado en Italia

✨ Descripción del producto:
Estuche couture muy elegante con acabado de piel acolchada rosa nude y el icónico logotipo YSL dorado.
Textura de polvo ultrafina y difuminadora que realza la tez sin efecto pesado.
Color modulable, larga duración y acabado natural muy chic.

📦 Embalaje y envío:
Envío muy rápido, expedido en un máximo de 24 a 48 horas.
Embalaje cuidadoso y muy bien protegido con plástico de burbujas para garantizar que llegue en perfecto estado.

¡No dudes en preguntar si tienes alguna duda!","Marque : Yves Saint Laurent (YSL)
Produit : Blush Poudre Floutant Sublimateur de Couleur (Make Me Blush / Bold Blurring Blush)
Teinte : 12 — Nocturnal Nude
Contenance : 6 g
État : neuf, jamais utilisé, vendu dans sa boîte d’origine avec son packaging complet
Authenticité : 100 % authentique ; numéro de lot / batch code visible au dos du boîtier : JAY73E, fabriqué en Italie

✨ Description du produit :
Boîtier couture très élégant, finition cuir matelassé rose nude avec le logo YSL doré emblématique.
Texture poudre ultra-fine floutante qui sublime le teint sans effet de matière.
Couleur modulable, tenue longue durée et rendu naturel très chic.

📦 Conditionnement & envoi :
Envoi très rapide, expédié sous 24 à 48 h maximum.
Emballage soigné et très bien protégé avec du papier bulle pour garantir une arrivée en parfait état.

N’hésitez pas si vous avez des questions !",https://www.vinted.pt/items/9950579566-blush-ysl-yves-saint-laurent-make-me-blush-12-nocturnal-nude-neuf-avec-boite,5,vinted_export/images/9950579566/01.webp | vinted_export/images/9950579566/02.webp | vinted_export/images/9950579566/03.webp | vinted_export/images/9950579566/04.webp | vinted_export/images/9950579566/05.webp,pt.bidnow@gmail.com,collectibles,Fashion,Used - Excellent,best-offer,30 days,flat-rate,15,no-returns,Lisboa,PT
9939951784,"Miniatura ysl muse inspring ink 7,5ml",16,EUR,"Miniatura ysl muse inspring ink 7,5ml
Nuovo con scatola, originale","Miniatura YSL Muse Inspiring Ink 7,5 ml.
Nova com caixa, original.","YSL Muse Inspiring Ink miniature, 7.5 ml.
New with box, original.","Miniatura YSL Muse Inspiring Ink 7,5 ml.
Nueva con caja, original.","Miniature YSL Muse Inspiring Ink 7,5 ml.
Neuve avec boîte, originale.",https://www.vinted.pt/items/9939951784-miniatura-ysl-muse-inspring-ink-75ml,5,vinted_export/images/9939951784/01.webp | vinted_export/images/9939951784/02.webp | vinted_export/images/9939951784/03.webp | vinted_export/images/9939951784/04.webp | vinted_export/images/9939951784/05.webp,pt.bidnow@gmail.com,collectibles,Fashion,Used - Excellent,best-offer,30 days,flat-rate,15,no-returns,Lisboa,PT
9947930666,"Perfume YSL, Black Opium",55,EUR,YSL 50 ml. Black opium,"YSL Black Opium, 50 ml.","YSL Black Opium, 50 ml.","YSL Black Opium, 50 ml.","YSL Black Opium, 50 ml.",https://www.vinted.pt/items/9947930666-perfume-ysl-black-opium,5,vinted_export/images/9947930666/01.webp | vinted_export/images/9947930666/02.webp | vinted_export/images/9947930666/03.webp | vinted_export/images/9947930666/04.webp | vinted_export/images/9947930666/05.webp,pt.bidnow@gmail.com,collectibles,Fashion,Used - Excellent,best-offer,30 days,flat-rate,15,no-returns,Lisboa,PT
9951570064,Occhiali da sole ysl,40,EUR,"Occhiali da sole donna, senza graffi originali","Óculos de sol para mulher, originais e sem riscos.","Women’s sunglasses, original and scratch-free.","Gafas de sol para mujer, originales y sin arañazos.","Lunettes de soleil pour femme, originales et sans rayures.",https://www.vinted.pt/items/9951570064-occhiali-da-sole-ysl,5,vinted_export/images/9951570064/01.webp | vinted_export/images/9951570064/02.webp | vinted_export/images/9951570064/03.webp | vinted_export/images/9951570064/04.webp | vinted_export/images/9951570064/05.webp,pt.bidnow@gmail.com,collectibles,Fashion,Used - Excellent,best-offer,30 days,flat-rate,15,no-returns,Lisboa,PT
9942886286,Palette YSL couture mini clutch 600,18,EUR,"Palette YSL couture mini clutch 600. 
Plus de photos en MP","Paleta YSL Couture Mini Clutch 600.
Mais fotografias por mensagem privada.","YSL Couture Mini Clutch 600 palette.
More photos by private message.","Paleta YSL Couture Mini Clutch 600.
Más fotos por mensaje privado.","Palette YSL Couture Mini Clutch 600.
Plus de photos en message privé.",https://www.vinted.pt/items/9942886286-palette-ysl-couture-mini-clutch-600,5,vinted_export/images/9942886286/01.webp | vinted_export/images/9942886286/02.webp | vinted_export/images/9942886286/03.webp | vinted_export/images/9942886286/04.webp | vinted_export/images/9942886286/05.webp,pt.bidnow@gmail.com,collectibles,Fashion,Used - Excellent,best-offer,30 days,flat-rate,15,no-returns,Lisboa,PT
9951842297,Maillot de bain une pièce vintage rouge et blanc fleur marque Yves Saint Laurent taille 42,75,EUR,"Maillot de bain une pièce vintage rouge et blanc fleur marque Yves Saint Laurent taille 42
Taille italienne 46 correspond à 40 42 très beau bien blanc","Fato de banho vintage de uma peça, vermelho e branco com flores, marca Yves Saint Laurent, tamanho 42.
Tamanho italiano 46, corresponde aproximadamente a 40-42. Muito bonito, branco bem conservado.","Vintage one-piece swimsuit in red and white with floral pattern, Yves Saint Laurent, size 42.
Italian size 46, approximately equivalent to 40-42. Very beautiful, with the white still looking bright.","Bañador vintage de una pieza, rojo y blanco con flores, marca Yves Saint Laurent, talla 42.
Talla italiana 46, corresponde aproximadamente a 40-42. Muy bonito, con el blanco bien conservado.","Maillot de bain vintage une pièce rouge et blanc à fleurs, marque Yves Saint Laurent, taille 42.
Taille italienne 46, correspond environ à 40-42. Très beau, avec un blanc bien conservé.",https://www.vinted.pt/items/9951842297-maillot-de-bain-une-piece-vintage-rouge-et-blanc-fleur-marque-yves-saint-laurent-taille-42,5,vinted_export/images/9951842297/01.webp | vinted_export/images/9951842297/02.webp | vinted_export/images/9951842297/03.webp | vinted_export/images/9951842297/04.webp | vinted_export/images/9951842297/05.webp,pt.bidnow@gmail.com,collectibles,Fashion,Used - Excellent,best-offer,30 days,flat-rate,15,no-returns,Lisboa,PT
9906077154,Women’s Yves Saint Laurent belt,199,EUR,"Damesriem van Yves Saint Laurent, in perfecte staat zonder enige beschadigingen. Alles is zoals op de foto’s te zien is. Maat 75, totale lengte van de riem is 90 cm, breedte 3 cm.","Cinto feminino Yves Saint Laurent, em perfeito estado e sem qualquer dano. Tudo está conforme se vê nas fotografias. Tamanho 75, comprimento total 90 cm, largura 3 cm.","Women’s Yves Saint Laurent belt in perfect condition with no damage. Everything is as shown in the photos. Size 75, total belt length 90 cm, width 3 cm.","Cinturón de mujer Yves Saint Laurent, en perfecto estado y sin ningún daño. Todo está tal como se ve en las fotos. Talla 75, longitud total 90 cm, ancho 3 cm.","Ceinture pour femme Yves Saint Laurent, en parfait état et sans aucun dommage. Tout est conforme aux photos. Taille 75, longueur totale 90 cm, largeur 3 cm.",https://www.vinted.pt/items/9906077154-womens-yves-saint-laurent-belt,5,vinted_export/images/9906077154/01.webp | vinted_export/images/9906077154/02.webp | vinted_export/images/9906077154/03.webp | vinted_export/images/9906077154/04.webp | vinted_export/images/9906077154/05.webp,pt.bidnow@gmail.com,collectibles,Fashion,Used - Excellent,best-offer,30 days,flat-rate,15,no-returns,Lisboa,PT
9936561959,Yves Saint Laurent Mascara,15,EUR,"Yves Saint Laurent Mascara Volume Extrême 

Couleur : Noir 

Authentiques et neuf ✅","Yves Saint Laurent Mascara Volume Extrême.

Cor: preto.

Autêntico e novo ✅","Yves Saint Laurent Mascara Volume Extrême.

Color: black.

Authentic and new ✅","Yves Saint Laurent Mascara Volume Extrême.

Color: negro.

Auténtico y nuevo ✅","Yves Saint Laurent Mascara Volume Extrême.

Couleur : noir.

Authentique et neuf ✅",https://www.vinted.pt/items/9936561959-yves-saint-laurent-mascara,5,vinted_export/images/9936561959/01.webp | vinted_export/images/9936561959/02.webp | vinted_export/images/9936561959/03.webp | vinted_export/images/9936561959/04.webp | vinted_export/images/9936561959/05.webp,pt.bidnow@gmail.com,collectibles,Fashion,Used - Excellent,best-offer,30 days,flat-rate,15,no-returns,Lisboa,PT
9950690549,Miroir de poche Yves saint Laurent,10,EUR,Très bon état,Muito bom estado.,Very good condition.,Muy buen estado.,Très bon état.,https://www.vinted.pt/items/9950690549-miroir-de-poche-yves-saint-laurent,5,vinted_export/images/9950690549/01.webp | vinted_export/images/9950690549/02.webp | vinted_export/images/9950690549/03.webp | vinted_export/images/9950690549/04.webp | vinted_export/images/9950690549/05.webp,pt.bidnow@gmail.com,collectibles,Fashion,Used - Excellent,best-offer,30 days,flat-rate,15,no-returns,Lisboa,PT
